word1,word2,human_score,cosine_similarity
uholela,ulishebe,0.320312,0.31518582
ngalesi,ugrade,0.301321,0.7879617
umfanafuthi,zisesikole,0.339102,0.23232807
enkulu,ngokuphelele.,0.235296,0.2600977
athuthukise,sisiza,0.231071,0.5194591
impumelelo,imfundo,0.265226,0.043112785
umfazi,umuntu,0.341659,0.13497
othandekayo,wami,0.503953,0.87858415
iyindlela,uma,0.246817,0.26294672
bayabona,ngamandla,0.276476,0.119237185
basenyuvesi,sehlobo,0.262576,0.36344054
sikhathi,ezigulayo,0.137191,0.4845898
bukhona,emasimini,0.257099,0.14764309
izimakethe,izingxabano,0.364255,0.5632911
afrika,ukuletha,0.267416,0.17719854
emoyeni,uyanakekela,0.365487,0.46077898
beyokukha,enkundleni,0.159975,0.49066713
abantu,othandwa,0.281331,0.23737545
njengamanzi,ngomsombuluko,0.205848,0.58856034
ubongani,uvumayo,0.361972,0.25289378
inkampani,inhlamvu,0.291269,0.25928178
umnotho,umfanafuthi,0.269471,0.1220749
kuvumela,odokotela,0.306051,0.16358534
isikole,incwadi,0.437842,0.38547313
upheka,ubuhlungu,0.323767,0.48634636
isibalo,usukule,0.279971,0.7458473
umphakathi.,esithangamini,0.169589,0.4087995
obukhulu,umsebenzi,0.298936,0.2707262
eminingi,esinzima,0.248168,0.1137392
ezomthetho,ngomoya,0.268517,0.2210395
amade,yize,0.235043,0.15832715
indiza,uhambo,0.454374,0.5051241
uxaba.,uzophokophelela,0.421572,0.60529345
uthisha,ukufunda,0.397279,0.22148368
ngakho-ke,yothando,0.308835,0.29179552
izinkomo,izinja,0.53942,0.7149958
baqonda,bezikhungo,0.233582,0.089525215
ukwelapha,impilo,0.294091,0.25542596
kwethu.,anjalo,0.088302,0.30935898
unyaka,uthatha,0.348932,0.4038592
abantwana,ngemfundo,0.4055,-0.009597138
abanakekeli,eminingi,0.291476,0.1976288
isinkwa,indoda,0.209668,0.34741235
oluthathwa,sakubo,0.409899,0.2795218
ikhono,i-affinity,0.346649,0.5432306
okwamanje,unomvula,0.426934,0.44805738
wasenyuvesi,zomphakathi,0.377334,0.35564452
bafeza,emifundazweni,0.438797,0.4089865
injabulo,ophekaayo,0.38972,0.19663918
ngendlela,zokusebenza,0.276283,0.23857954
lwaze,lwezobunhloli,0.659666,0.8758368
ibhola,imidlalo,0.390663,0.15514386
abanye,sokwenza,0.270202,0.18075855
ezimbalwa,omkhulu,0.26271,0.17741859
emikhulu,ubuqhawe,0.295506,0.3061851
zesizwe,zokuthengisa,0.33267,0.16518664
nabafundi,lisetshenziswa,0.258268,0.7303803
abagqi,esiqinile,0.235891,0.18672629
indlu,unozipho,0.399062,0.31254476
umnyango,zokuphela,0.353213,0.57597125
umfana,umbuso,0.438408,0.6339521
omculo,izicathulo,0.181579,0.14196646
inhlungu,izinsizwa,0.264326,0.32264557
ngenxa,wafunda,0.176982,0.12427871
ezintabeni,ozimisele,0.350863,0.25912553
ngokubona,owesifazane,0.413521,0.54464537
emfundweni,esizosiza,0.173057,0.43057653
mtshali.,ngangabe,0.249844,0.80345047
kugwema,kunika,0.519784,0.77914524
uphiwayinkosi,uthola,0.38129,0.19442031
uthisha,imfundo,0.31139,0.15284488
amaphoyisa,icala,0.531278,0.850854
abafundisi,baqhubeka,0.281981,0.25793895
ukusebenza,zokwelashwa,0.259159,0.14111799
kungakho,wase,0.343655,0.7410825
ulwandle,amanzi,0.460421,0.30681142
umfazi,ingane,0.507403,0.80542684
maphorisa,kumenywe,0.472255,0.6785578
ukwelapha,isifo,0.580408,0.69718796
kodwa,uyasebenza,0.342084,0.17705421
(70+%).,yokusebenzisa,0.246859,0.7506373
efanele,izidingo,0.206508,0.26139414
esihlahleni,lapho,0.256012,0.26771882
kwazo.,umuntu,0.187429,0.13708565
ekhaya,kokunqena,0.306955,0.29984817
ngenze,okudingeka,0.231821,0.78471565
ukukhuthazana,ukuxhumana,0.417305,0.21682762
enkantolo,waphendula,0.372879,0.28039044
ngobulungiswa,uyaphumelela,0.373522,0.35868213
ngezimbali,lixhomeke,0.014091,0.4267839
wakhala,zazinzima,0.346067,0.29065606
nokudayiswa,ukufundiswa,0.315427,0.61242193
abalondolozayo,okwenza,0.31121,0.26476285
abahle,eyishumi,0.318735,0.2254378
baqhubeka,kunzima,0.272698,0.2229131
uyakabisa,uyazibuza,0.591343,0.642733
noma,okugcwele,0.305327,0.278402
nabantwana,kumanje,0.136428,0.12317514
uyalala,unozibusele,0.516344,0.38499737
kwezilwane.,ephepheni,0.36394,0.572573
ehamba,izimoto.,0.301313,0.35245952
bayabona,okumnandi,0.284728,0.031261876
endaweni,izwe,0.285129,0.17853157
incwadi,impumelelo,0.28006,0.23552944
isu,ilivume,0.615084,0.6252827
bathanda,kuholela,0.272843,0.29597068
kuwena,azilungiselele,0.188477,0.33977172
bomculo,imizamo,0.31787,0.27932838
ahlala,zabantu.,0.309994,0.7591484
ukubhala,imfundo,0.347794,0.06123336
befuna,enhle,0.235257,0.120746344
omakhelwane,omusha,0.317974,0.39433822
eyahlukene,ngezinto,0.250062,0.30235508
kunayo,uhlangothi,0.452532,0.16377571
bazibandakanya,izidingo,0.232159,0.120558836
izimo,namhlanje,0.37705,0.19635577
ikati,izilwane,0.326647,0.24687803
isipho,iziphathimandla,0.349993,0.28336155
ikhompiyutha,ucingo,0.617434,0.73130137
ngayo,ngenxa,0.219468,-0.07926407
bayasiza,nolwazi,0.280717,0.17705299
ihlathi,imifula,0.370537,0.49756894
inkampani,uthanda,0.348615,0.30005777
ezinhle,sonke,0.301321,0.04817184
and,zokuthuthukisa,0.179431,0.47799242
ngendlela,ukuthuthuka,0.279944,0.22386822
ngalo,ngifuna,0.294579,0.37763637
imfundo,izintaba,0.191518,0.09043727
amandla,wesizini,0.28797,0.13493401
baneqiniso,ngokuzidela,0.414238,0.51825243
nezithombe,esikhiqizayo.,0.212371,0.30136427
ukulungisa,abaningi.,0.114851,0.35694048
nabanye,ukubekezela,0.170163,0.16677411
uyazinika,ucolonel,0.315297,0.23083997
abalandeli,ekutheni,0.390006,0.6584776
inkosi,icala,0.3313,0.20389825
manje,banikela,0.102635,0.12650496
amahle,uyathanda,0.318347,0.18720873
kepha,ukuhlonipha,0.356036,0.41682947
abalondolozayo,babe,0.215369,0.07044943
abazimisele,abanikwe,0.255273,0.13517937
nobugebengu.,ukusebenzisana,0.238219,0.60899764
nobuzwe,ubabonga,0.271401,0.13485672
zesizwe,untuli,0.136604,0.108907424
nomngane,elikhanya,0.185942,0.13972525
izinhlolo,izinyanga,0.395569,0.29825792
unokwanda,wakwazi,0.383415,0.26094195
ucingo,ukuxhumana,0.53416,0.6293026
kube,namandla,0.295146,0.08482649
kakhulu,okwadala,0.270698,0.24505693
bayisebenzisa,ngokuqina,0.298658,0.14903681
indiza,amaculo,0.285491,0.39496264
ikati,izimvu,0.421706,0.68879634
nendlela,okumqoka,0.32941,0.781057
ehambisana,ukuhlasela,0.472361,0.7340669
abalondolozayo,iyisibani,0.264999,0.18052487
ubuntu.,uhlanganyela,0.368847,0.31661522
isizwe,kuyinhlanhla,0.236284,0.28080264
uyakhuluma,uyesaba,0.663508,0.82564527
icala,izintaba,0.087235,0.2783693
babusisa,wecawa,0.280081,0.25558496
emphandleni,uyakhuthaza,0.364172,0.41488314
emfuleni,umakhelwane,0.397021,0.37359452
babantu,esikhulu,0.307027,0.085099265
imoto,olusezansi,0.347605,0.14763612
namhlanje,usipho,0.425418,0.54974914
bafeze,bomphakathi,0.431745,0.23135126
ukuqhubeka,ukumema,0.320451,0.21636254
ngezimbali,zokuphumelela,0.156419,0.578358
yesonto,esetshenziswa,0.217292,0.647438
esikhanyo,nalezi,0.125501,0.21412206
nomphakathi,wami,0.242811,0.13590102
ikusasa,ngokuthula,0.380021,0.14714715
bavikelwe,emphakathini,0.248159,0.22421746
izintatheli,ngobukhalipha,0.248969,0.194466
babo,emihle,0.285265,0.1862973
kwethu,okukhomba,0.351972,0.43620795
ibhola,ukudlala,0.375376,0.18978713
abaculi,aphuma,0.288226,0.16845784
ompofu,owedlule,0.500044,0.47803956
umndeni,ihlathi,0.213649,0.24822715
imfundo,ubuhle,0.253366,0.2571816
ukubhala,ukufaka,0.461042,0.6829203
ngohlelo,ukuze,0.261766,0.088946715
ezikhombisa,nabangane,0.11958,0.41838178
ikusasa,umbongiseni,0.267715,0.09521184
amazwi,noindlu,0.329886,0.28648013
icala,isiko,0.228702,0.61754686
ziphilile,okusemandleni,0.242264,0.28615597
abaphumelele,abathe,0.494659,0.65973127
ukufundisa,ukuqoqa,0.411067,0.29688013
eziphakeme,phezu,0.451134,0.8160059
ngenhliziyo,uyathanda,0.289621,0.09702514
ukuxhumana,umabonakude,0.430733,0.40981004
baqhuba,besikole,0.329943,0.3253553
sibona,uyapheka,0.337266,0.3322313
esisha,kwezinyanga,0.308287,0.33880088
bayacula,nezimfanelo,0.40576,0.3604661
esifanele,wakhumbula,0.438665,0.43501395
uthisha,iphepha,0.326399,0.1435082
isikole,uthisha,0.421914,0.2943621
sokubuyela,samaphoyisa,0.355926,0.69311255
inja,inyoni,0.549693,0.63717073
ngobukhosi,okuthiwa,0.135744,-0.046052083
sisekelo,yakhe,0.289368,0.30135936
okuqhubekayo.,zedolobha,0.11991,0.16573295
bomqondo.,unkosi,0.500611,0.5763683
imithetho,imiyalezo,0.338157,0.18397745
basiza,ethu,0.217173,0.06912447
ethu,isisekelo,0.273029,0.13642049
elihle,liyakhula,0.333181,0.24710032
kweminyaka,lizwe,0.264507,0.24682817
izitshudeni,leli,0.367001,0.212998
ihlangana,i-quad,0.444741,0.48711902
udokotela,ugcina,0.307098,0.1305323
onikezwa,uthabo,0.412023,0.382994
law,ngalo,0.435487,0.87047195
imeya,imidlalo,0.32366,0.6536551
imoto,uhambo,0.394971,0.30450788
umfana,umndeni,0.38703,0.43678582
ngokuthi,nenhlanhla,0.13444,0.56300294
abantwana,sobunzima,0.300075,0.051413428
nokusebenzisana,ezenziwayo,0.188154,0.23121433
namuhla,onekhono,0.437684,0.17805293
bezomthetho,eside,0.369811,0.19235592
neamazwi,yamanzi,0.222509,0.26474622
ayiyona,ukuthi,0.188864,0.21056706
umfula,imvelo,0.330412,0.41649595
imoto,isitimela,0.435338,0.4522028
iba,sohambo,0.43783,0.7667745
amadodakazi,kwezinsuku,0.311526,0.1973905
ibandla,uzogqoka,0.479871,0.61192805
ngokuzimisela,uzobonga,0.298082,0.08842986
ugelezela,untuli,0.353028,0.5430166
umfundi,iphepha,0.260816,0.2244297
ingoma,amaculo,0.330002,0.4433517
abaningi,emfuleni,0.304173,0.18391216
isihlahla,lapho,0.272019,0.25769848
icala,isizwe,0.29301,-0.03806749
izibhedlela,izinkinga,0.330042,0.6142562
lokuqala,okhutheleyo,0.382399,0.44659021
usiphokuhle,ulwimi,0.549679,0.8312655
edinga,efisa,0.381029,0.44044912
ulwazi,umdlalo,0.111345,0.025437444
ezikhuthele,yonke,0.258625,0.09396175
endawo,wendawo,0.267332,0.40864673
bonke,zekhono,0.266734,0.18423834
eminingi,ukhezo,0.336181,0.305142
izindawo,izimvu,0.281646,0.37479684
ukukhomba,kithina,0.298144,0.38205278
ojulile,ukuphana,0.417848,0.46377695
ingoma,umculi,0.508494,0.73327184
isizwe,inkampani,0.144179,0.1485069
abakhuliswe,abangena,0.406223,0.18004073
kabusha.,elinothando,0.128283,0.27962434
uthabo,ufuna,0.398033,0.21892841
ikati,inyuvesi,0.308932,0.301456
kwesikhathi,yesikole,0.365478,0.38625902
amakhosi,ubumbano,0.286537,0.22772555
luyinqaba,umnewethu,0.379234,0.37213492
enhliziyweni,ndawonye,0.239159,0.12505417
emfuleni,uyafundisa,0.406252,0.341244
ejele,ngenyanga,0.34062,0.30653122
ubudlelwane,ubig,0.364245,0.48051313
ukubaluleka,ukusimama,0.309713,0.11334588
amanxusa,ezikhungweni,0.290168,0.18893969
abo,eliphezulu,0.35615,0.3123984
ukufeza,uyagijima,0.201633,0.17605904
imeya,umbuso,0.368466,0.39362177
abadala,abasweleyo.,0.290747,0.17670798
okusiza,uzobuya,0.260417,0.770142
ngakolunye,uyazi,0.31181,0.52002865
nje,nezinolwazi.,0.23251,0.27114925
phakathi,uthando,0.310483,0.04697895
abesifazane,emva,0.320232,0.2181745
izihlobo,ngezinga,0.222781,0.045252606
banikela,zomphakathi,0.361025,0.38306782
ekhishini,uyabiza,0.458868,0.4374579
onke,yenhlalakahle,0.342536,0.10145623
bayigcina,izinzalabantu,0.294406,0.25981405
uthandeka,usebenza,0.284153,0.10461976
emphandleni,phakathi,0.294636,0.17797574
unhlanhla,uhlanganyela,0.288634,0.27761513
imidlalo,kanti,0.269992,0.068420455
lisho,ngokuzimisela,0.26764,0.14187616
nanti,wasebenza,0.401042,0.3563181
imoto,ukuhamba,0.429485,0.22493415
indiza,ukwelapha,0.224788,0.49112442
ukuhamba,uhambo,0.707602,0.85228145
uyaesaba,ugcwele,0.349058,0.47057268
izintombi,izimoto.,0.320312,0.13772245
ofudumele,wakhe,0.463323,0.30195448
ukusayinisa,ukunisela,0.529468,0.6167901
abaningi,esikoleni,0.260394,0.11622835
bemibono,ngokuzimisela,0.284146,0.14295849
sabo,nokwazi,0.155155,0.22505008
izidingo,uphelile,0.248721,0.18792771
izinto,kungaba,0.217531,0.03385619
abasolwa,inkantolo,0.530752,0.74188894
enkantolo,ngelanga,0.400166,0.24774654
deep,nesiqhakazile,0.170824,0.2947439
amathathu,amahlandla,0.543597,0.7096525
eminingi,zemindeni,0.298671,0.24549595
o-a,ulaura,0.761808,0.83272976
amakhosi,kwenyanga,0.292981,0.107381396
uyekelela,uzoqhubeka,0.35721,0.5221658
induna,oluningi,0.414969,0.24094674
umfazi,umfana,0.575567,0.403752
ebhange,owubumbene.,0.509787,0.50241685
umculo,ikhwaya,0.469959,0.3943721
umrepha,ikhwaya,0.586777,0.7324291
amathuba,zomphakathi,0.30519,0.06494097
ka-matric,liqala,0.180133,0.22922605
iphepha,ulwazi,0.289125,0.099682204
umfazi,umndeni,0.4141,0.5837653
uyahamba,u-matric,0.298799,0.25899407
umhlengikazi,isifo,0.412118,0.3146621
amathuba,kancane,0.304006,0.06397302
isitimela,uhambo,0.485775,0.7770368
esifanele,uyakhumbula,0.484142,0.33086437
unjinji,udle,0.366177,0.600779
ababuya,uyakholelwa,0.346543,0.3898838
ikusasa,unxuse,0.200619,0.043604176
ekuseni,ngenxa,0.285173,0.18875654
ihlale,obukhulu,0.244789,0.2213606
sokuthula,zesizwe,0.432305,0.3392023
control.,ukuze,0.044402,0.148146
ekuphatheni,omakhelwane,0.329077,0.21100785
amandla,uzinhle,0.309984,0.12030561
komndeni.,ngobuhle,0.29821,0.39857468
ngosuku,nguumahlaba,0.285504,0.44536617
esiqinile,yekhaya,0.285169,0.16197738
ubuhlebezwe,ufundela,0.336776,0.33496642
umuntu,abantu,0.358764,0.24538843
amaphoyisa,isikhungo,0.25073,0.6056976
abaphumelele,abafundi,0.400279,0.1465518
esidlule,ukhanyisile,0.486496,0.40864074
uthisha,incwadi,0.363873,0.07522698
inyuvesi,imfundo,0.30862,0.089200035
inkinga,wakho,0.369325,0.6480512
ukudla,imifino,0.303293,0.20589729
umthombo,umlingisi,0.582418,0.8334551
uthando,wesaba,0.250101,0.085745096
umculi,amaculo,0.364476,0.5237505
i-edendale,isikole,0.323281,0.5484978
amaphutha,amasha,0.368309,0.1993905
ompofu,waphuza,0.488835,0.36534366
labazali,izimbuzi,0.059177,0.09061234
ukudla,inyama,0.511658,0.351698
abantulayo,elikhulu,0.249393,0.033560704
ulwandle,izintaba,0.330072,0.18031171
lelo,abayinikwa,0.131371,0.19999601
isiko,ubuntu,0.333443,0.33777106
ezinkundleni,omphakathi,0.465332,0.5412064
unaliphi,ubonakele,0.502731,0.69375217
enezinhlelo,ukwenza,0.213088,0.13246885
unomathemba,yamazwe,0.358385,0.23804177
bayiqonda,ndawonye,0.282299,0.041660193
abalungi,ephathelene,0.240366,0.25388798
udokotela,umhlengikazi,0.639108,0.50710285
elwandle,ujeqe,0.490329,0.59465456
iziketi,wesimanje,0.503921,0.72456425
bavikelwe,nabo,0.264146,0.27723446
emapulazini,bayahlala,0.169975,0.3272604
idolobha,ilokishi,0.447784,0.2965112
isinkwa,ubisi,0.665789,0.35763747
ijabule,ikhiqiza,0.285668,0.15125924
emakhaya,nezinto,0.252272,0.20504887
ithuba,ngezandla,0.412278,0.5260722
olusezansi,umzali,0.294727,0.12167248
isizwe,ikhwaya,0.117796,0.09006684
ngokuphakama,zamasiko,0.314343,0.09151627
xulu,neisibindi,0.126077,0.11625368
amaphoyisa,abasolwa,0.691906,0.79584426
ukuthola,webhizinisi,0.371731,0.44427517
ezobulungiswa,nokuqinisekisa,0.431143,0.80237824
enkantolo,ngenjabulo,0.366824,0.36413503
ezibalulekile,zemicimbi,0.230547,0.2863467
ngamandla,ziyabona,0.236043,0.05765323
lokuhlanza,unika,0.243826,0.32987976
ohlala,uyazama,0.426424,0.64411134
ukuze,wajabula,0.246465,0.109687455
ngo-2012,yomakhelwane,0.25248,0.5570412
umfula,amanzi,0.535497,0.38573372
imali,wahleka,0.458676,0.4420425
i-arrows,wumdlalo,0.601436,0.8021604
elandisa,esikulona,0.299275,0.74629724
obuhle.,ubuhlanga,0.466194,0.70722234
umbuso,imvelo,0.165624,0.1820765
njalo,zibe,0.304342,0.016538268
isikhathi,yokufunda,0.238706,0.2901536
lokuqala,ngobuqotho,0.270876,0.09273079
ikakhulukazi,obukhulu,0.309553,0.10150019
ngokwesiko,ezimfushane.,0.160385,0.24331343
amandla,wokunikela,0.254545,0.16857928
inyuvesi,incwadi,0.439402,0.18100233
bayavuka,elikhethekile,0.339384,0.21333781
baqhubeka,emabhalweni,0.25126,0.10557924
amakhono,yokuzinikela,0.240486,0.10959901
ngakho,uyahlonipha,0.31914,0.43996182
abazenzayo,ukudla,0.30021,0.22186428
uyajabula.,ubonge,0.386595,0.45387518
ezintabeni,umasipala,0.351211,0.24550973
kamasipala,enezihlalo,0.194439,0.73574317
luqinile.,ephezulu,0.240839,0.17287892
noma,uvakashele,0.225241,0.18986796
ababuya,ekuseni,0.316105,0.035915107
izinkabi,izishumayeli,0.451838,0.34626392
ikhaya,ubuntu,0.235398,0.25726765
zicula,ezikoleni.,0.234127,0.6976411
ingakho,incwadi,0.422322,0.6440702
liphuma,yomdabu,0.287175,0.19182903
ukwelapha,ilokishi,0.251931,0.66968465
abavikeli,bafundisa,0.288052,0.25687438
yobumnandi,okunguyena,0.216227,0.73472196
bafunda,lesihlanu,0.300881,0.34821102
ikhompiyutha,umabonakude,0.485407,0.66441536
samathambo,ukuphazanyiswa,0.4591,0.71291494
ukuthungwa,sikole,0.250718,0.34688368
uyapheka,uyasizana,0.572142,0.18945493
amahle,uyaphila,0.357127,0.22058675
bayahamba,izimpesheni,0.457151,0.5698273
igagasi.,ikhulume,0.376789,0.6639258
bayikhuthaza,zesizwe,0.319649,0.2530976
emoses,kuzovula,0.31345,0.7591897
izinkampani,izimilo,0.442448,0.5195084
bayabonga,ikhaya,0.213816,0.12897965
uyabona,wemvelo,0.298347,0.16337283
ibhange,umabonakude,0.297635,0.3937054
abadala,ngehora,0.31935,0.124199234
esikhulu,umsebenzi,0.223775,0.13915107
sibona,ihhovisi,0.173865,0.28969857
umasipala,isizwe,0.377727,0.14346652
kugrade,kuya,0.463933,0.70833766
bayigcina,wami,0.244563,0.2267995
kushiwo,akawuphumelelanga,0.223665,0.5426608
elikhulu,nabantu,0.270637,0.09635414
bayahleka,ezibalulekile,0.335544,0.018003322
uhulumeni,umasipala,0.556143,0.69064623
amnandi,webhizinisi,0.387216,0.30691203
choir.,lamadolobha,0.312168,0.71004224
amakhulu,obumnyama,0.333338,0.37061372
isibhamu,inkantolo,0.573627,0.80136603
onikezwa,usihle,0.389248,0.32981214
ubuciko,ubelimele,0.297401,0.22701891
abasolwa,inhlamvu,0.534149,0.6311711
injabulo,yokufunda,0.318841,0.2888467
uyesaba,usandile,0.383715,0.21540459
idolobha,indlu,0.343361,0.20986232
kanti,ubambane,0.324781,0.29939094
uhlale,uvezele,0.332749,0.17671788
ikilasi,idonse,0.357825,0.2143749
umfula,ulwandle,0.485923,0.5057528
indodakazi,zonke,0.2404,0.09143041
inyuvesi,uthisha,0.545193,0.5183605
inyama,imifino,0.351901,0.33862036
ukhezo,ukuhlala,0.258798,0.21558563
uphiko,ubheke,0.556798,0.5808699
undlovu,uramaphosa,0.622044,0.8442575
inja,izinja,0.689149,0.7944865
ngobunyoninco,yezomnotho,0.345551,0.22961046
ethempelini,imfundo,0.196107,0.058453746
ezimpilweni,ezinobuhlakani,0.126986,0.17426024
amathuba,uyakholelwa,0.256317,0.1827651
kanye,ubongani,0.326726,0.14370102
durban,housewives,0.791616,0.88843375
bazikhuthaze,yokuthanda,0.308385,0.19179004
ingane,abantu,0.372768,0.13658385
izinkomo,umdlalo,0.289937,0.61051106
incwadi,ukubhala,0.540596,0.74777466
unokufa,uyambonga.,0.435085,0.23632959
imidlalo,okuzijwayeza,0.507752,0.48952875
unothando,uyabazi,0.389126,0.20289198
umhlengikazi,ukwelapha,0.312998,0.25670713
onesifundo,uzophuza,0.536152,0.76371545
amakhono,kanzima,0.211676,0.07560085
bayamthanda,ezinhle,0.305345,-0.11172322
isizwe,isibhamu,0.196625,-0.0019087705
ikati,ize,0.415403,0.73144925
esidlule,usiyanda,0.390158,0.36489275
iqoqe,ibhethri,0.456273,0.52780974
ezidumile,izimo,0.278115,0.27623606
wukugula,banemali,0.292786,0.6938777
etholakala,olwandle,0.391904,0.34602022
abakhuliswe,yokuqala,0.058358,0.16485906
izintaba,imvelo,0.276636,0.39165145
ulwazi,imfundo,0.404886,0.25044578
izifiso,izulu,0.319626,0.25356543
inyuvesi,waphila,0.33031,0.38863486
isinqumo,isolezwe,0.583446,0.81461394
abadinga,nobuhlungu,0.300265,0.5375384
bazimisela,obukhulu,0.291244,0.13144754
ukondla,ukuthakasela,0.568931,0.37914476
esinezinhlelo,olusiza,0.289859,0.28357536
bayathanda,kusiza,0.3649,0.39496052
bazohleka,ezimbalwa,0.336053,0.3178882
edolobheni,uyazinikela,0.288559,0.2551892
000,ngonyaka,0.28126,0.16340707
emasimini,unkosi,0.320916,0.19765434
incwadi,imfundo,0.237595,0.07130823
kusasa,zihambisane,0.311179,0.25568098
enkampini,usbusiso,0.395498,0.1474362
ihlosi,izinja,0.579119,0.8134281
amakhulu,namagatsha,0.278983,0.18977888
kubekhona,ngcono,0.295698,0.30782366
ahlanzekile,unozipho,0.445962,0.30431503
abanakekeli,emaplasini,0.16037,0.12763762
izinto,umlungisi,0.26847,0.10225147
yezinsolo,zokugweva,0.620638,0.92247427
asolwandle,wakhe,0.33059,0.4134492
imali,yomphakathi,0.233841,0.18026681
namhlanje,omusha,0.327584,0.30253464
babuya,umphakathi,0.295926,0.043719612
uhulumeni,uzokhuluma,0.473039,0.4367098
bahlela,izethulo,0.35098,0.20490496
ubisi,ukuphuza,0.495867,0.83212
elithandekayo,zomphakathi,0.291818,0.20604113
abantu,zizoguquka,0.160007,0.15833609
egumbini,ngesonto,0.420053,0.40168667
usiyanda,uxhuma,0.252932,0.31498456
ihlathi,izintaba,0.442897,0.3013321
babe,izindlu,0.473801,0.32876763
abakhokheli,abakhulekeli,0.559598,0.34037405
ilokishi,indlu,0.378909,0.34918723
esikoleni,umphathi,0.314727,0.37575498
ngemva,umngane,0.356331,0.19453536
enkulu,yezemidlalo,0.279449,0.14603761
amaphoyisa,amagquma,0.441292,0.7512378
egcekeni,inja,0.374903,0.40653083
eningi,umalume,0.413677,0.31301543
udokotela,ukwelapha,0.333641,0.08998425
ipakiwe,ngaphandle,0.302294,0.4703028
esithangamini,ngihlale,0.360993,0.5751792
isifundo,kakhulu,0.221937,0.028117491
ekuphatheni,usihle,0.399121,0.3765608
incwadi,iphepha,0.528179,0.83420485
ubabonga,ugogo,0.298857,0.11741003
izazi,izinso,0.376045,0.23440717
izimpesheni,izibani,0.350251,0.2706825
incwadi,ulwazi,0.315151,0.06751416
amanzi,imithi,0.3662,0.34892517
elinothando,umbuso,0.30506,0.2171896
baneqiniso,ecawa,0.450436,0.4503642
nesifiso,zokwelashwa,0.235686,0.3115222
uhulumeni,icala,0.317245,0.3725846
usinokholo,uthebe,0.544996,0.84222627
amaphoyisa,ukudlala,0.205276,0.73841095
emzini,kokucabanga,0.334829,0.46368206
wafundisa,entsha,0.22734,0.23062915
amaphupho,emakethe,0.312995,0.26084885
ecacile,ezinzima,0.490291,0.74330854
ngesonto,uyazazi,0.318356,0.12071614
azilungiselele,esibhedlela,0.341088,0.1770173
baphila,ozimisele,0.26436,0.09257961
indlu,waphila,0.36246,0.4031782
abaholi,ukuze,0.311535,0.28784063
yakubo,ezinhle,0.043462,0.025047928
indlu,okwamanje,0.345432,0.47928533
enkundleni,izimpilo,0.232953,0.13924076
unezinto,ujaji,0.258709,0.2830087
uyakhula,uyazama,0.379982,0.2871413
ne-archery,luyinsika,0.25516,0.36060923
abaningi,futhi,0.239678,0.123616315
iyisibani,igazi,0.246659,0.09003684
emaplasini,kwenyanga,0.301975,0.09996415
ezimnandi,ngamandla,0.292248,0.0424806
ngemva,wasenyuvesi,0.284605,0.21834725
ngoba,yesizwe,0.281199,0.11412438
bayapheka,egoli,0.374896,0.3730312
izwe,umnewethu,0.358798,-0.007927481
eningizimu,kuthiwa,0.399412,0.28299534
izethameli,izakhiwo,0.388333,0.49431926
uyacula,ulimi,0.23573,0.21117374
bahlala,befunda,0.351446,0.16666019
itheku,indlu,0.37608,0.27347502
ukuqaphela,ukungena,0.428259,0.7708635
ezikoleni,kubafundi,0.325876,0.13502255
emnandi,ezinhle,0.218369,-0.040366206
isifo,impilo,0.261436,0.16085434
uthandeka,ucula,0.318337,0.11446806
inkomishi,bayahlanza,0.19045,0.031021724
bayakhuluma,ngolwazi,0.323623,0.32963136
imifino,ukufunda,0.205581,0.33691886
engango-r5,kuphela.,0.171751,0.78398657
umfazi,indoda,0.596198,0.33848822
kuthe,ngonyaka,0.256268,0.25339517
5,umkhandlu,0.302861,0.40532222
kube,ukufundisa,0.230085,0.20056005
nokho,uyabonga,0.25518,0.3216057
ngokusebenza,zikhathi,0.255901,0.20933324
incwadi,inkantolo,0.314263,0.6747718
abangasizakala,uma,0.238343,0.14154994
usuku,ufakazi,0.540375,0.8115266
ethekwini.,umuntu,0.204597,0.103273615
obufuneka,okukhulu,0.253641,0.093398094
bese,sciences,0.333527,0.2767446
abasebenzi,amathuba,0.25212,0.15468669
izinkomo,izimvu,0.652329,0.93376994
elikhulu,ihlosi,0.29722,0.20178124
endawo,amathathu,0.213821,0.23779532
izingubo,neamazwi,0.247055,0.17328833
emthonjeni,ezisiza,0.514691,0.5755518
inkosi,umasipala,0.40888,0.46556595
umakhalekhukhwini,umatasa,0.398664,0.6818573
ngobukhali,unkosi,0.421235,0.34986097
ukufunda,imfundo,0.374917,0.17429723
march,umbala,0.180484,0.40129006
uyabona,uzocula,0.302338,0.18340524
izakhiwo,izinhliziyo,0.311087,0.58380455
abakhosi,ubunzima,0.260929,0.19136354
bomdabu,noma,0.273298,-0.0060593095
izindlela,izilwane,0.273057,0.12487621
inyoni,izilwane,0.493699,0.45588022
elanga,emgwaqeni,0.301503,0.20458551
ukuqonda,ukuhoxa,0.438236,0.56899154
ezinhle,unokwanda,0.255444,0.1094823
imali,ukonga,0.462878,0.52112013
bayisebenzisa,zemindeni,0.265348,0.27967626
iphepha,impumelelo,0.316979,0.29282662
kusukela,kuyakhombisa,0.193299,0.58696747
unyaka,uyageza,0.373173,0.42034447
ekhanyayo,ngobunyoninco,0.336074,0.13450575
abezimali,bakhulisa,0.262258,0.29072782
isicoco,isiqephu,0.596427,0.74304354
iphezulu,ihlosi,0.335957,0.20613623
alikho,ubongani,0.337881,0.23054338
abesifazane,ngemva,0.309837,0.10939744
ungadlula,uphatheke,0.496421,0.53648573
ikilasi,iyasebenza,0.427238,0.44937184
izilwane,izinkomo,0.458672,0.22140983
abaphenduli,kwezinyanga,0.345512,0.2767117
babona,entabeni,0.206761,0.18668148
izintaba,imifula,0.360817,0.355297
abameli,nezinto,0.282659,0.19234733
isimo,isiko,0.419191,0.3624382
isikhathi,zethu.,0.247518,0.28976116
eziningi,kwabantu.,0.203071,0.17840324
abafundi,abasha,0.60961,0.6221819
indlu,isikhungo,0.367369,0.48840725
ongenakulinganiswa.,unomcebo,0.431525,0.54217905
ukuvakasha,ukuzethemba.,0.188212,0.65171474
ikhompiyutha,ukuxhumana,0.454255,0.57164615
bayabika,izintombi,0.335339,0.27285624
kubo,ngenjabulo,0.264024,0.12406909
ngezindlela,yabantu,0.186845,0.060140144
lweqiniso,omnci,0.482662,0.44166046
enkonzweni,ngelanga,0.319494,0.38255522
isitimela,umsakazo,0.458644,0.6885122
futhi,omncane,0.228892,0.06411896
esifundeni,league,0.544184,0.94641954
abaphathi,enelspruit,0.328609,0.08794179
emgwaqeni,iqala,0.36109,0.22995819
lusabalale,ubabonga,0.324239,0.11133775
emnandi,ujabula,0.326181,0.18360695
akade,usanda,0.507268,0.7534554
nezilwane,zenza,0.387564,0.62540406
abakhiqizi,intsha,0.312545,0.18522148
futhi,ukusebenza,0.386456,0.17560393
kahle,ulwazi,0.325967,0.14447685
yengoma,“ingoma,0.612398,0.7769636
uhulumeni,isizwe,0.350882,0.07331833
zakhe,olwandle,0.185988,0.19414902
izinga,izikhwama,0.355075,0.49098626
ikhaya,ngobunyoninco,0.239825,0.13745
bathi,zigaya,0.222026,0.565796
bafunda,bezempilo,0.266201,0.28090787
uhulumeni,umbuso,0.371684,0.39480534
basize,okwenza,0.25655,0.050194994
balondoloza,kwabo,0.261769,0.1764597
umuntu,inyuvesi,0.223428,0.2251033
bacula,esiteshini,0.413903,0.59521323
nalo.,nabazimisele.,0.243782,0.20931545
ingane,umfana,0.434852,0.4084352
iphakama,izingane,0.23985,0.19692963
uyazama,yobubanzi,0.444956,0.6706929
abo,indlela,0.334285,0.14080663
ulungelo,ngempelasonto,0.206316,0.2677522
isikole,ukubhala,0.337378,0.33013013
elithandekayo,nokusebenza,0.268756,0.0884497
bayakhuluma,onesimilo,0.313815,0.35794166
indiza,ubukhosi,0.291948,0.32824397
ngobuningi,ebusuku,0.12966,0.1727392
utshele,ugcina,0.474428,0.7942938
umculi,ikhwaya,0.517277,0.7186301
engaphansi,kuka-21.,0.540875,0.71191794
itekisi,uhambo,0.368355,0.59624773
bomdabu,okusebenza,0.208756,0.3135279
ezibalulekile,yabantu,0.242018,0.19425488
umbuso,isizwe,0.294601,0.054656904
indawo,izazi,0.23726,0.26612756
ezijulile,abezimo,0.186594,0.50083315
emuzini,ngokwanele,0.368534,0.35333332
idolobha,ikhaya,0.26025,0.18839571
isinkwa,ukuphuza,0.494715,0.37150878
amajean,imaths,0.169553,0.3334648
mahhala,ukuhlolwa,0.433817,0.78999704
kanzima,ngobuningi,0.392465,0.32893267
bokuthi,uphinde,0.271363,0.77055645
yizinto,yesikole,0.062419,0.20138305
kwalo,okhuthazayo,0.370414,0.60531265
indoda,abantu,0.354666,0.19865842
enhlangothini,ngokubambisana,0.399046,0.47215754
izimpilo,lokhu,0.275612,0.31155846
ngokubona,wafundisa,0.298071,0.30245414
uyalala,usho,0.286788,0.09504978
ibalulekile,omuhle,0.302704,0.25191656
bazikhuthaze,ukuze,0.233195,0.031827867
ewu-15,wentando,0.322773,0.6086089
impilo,ikhwaya,0.121916,0.2614231
umfana,umuntu,0.421037,0.44056472
ngo-2023,zezikhali,0.164333,0.34339502
ivele,ihlanzekile,0.344887,0.6095798
amacala,emculweni.,0.357058,0.76520294
itheku,isikhungo,0.359063,0.62996835
kanokusho,kunesidingo,0.188284,0.25592792
kusiza,ngakho-ke,0.271085,-0.0727209
imifino,ucingo,0.345173,0.76130676
amanzi,amasiko,0.128365,0.0575075
amandla,isimo,0.172878,0.0031094404
okhulumaayo,ikhona,0.14089,0.1758035
amandla,esikhathini,0.249702,0.093859434
emzini.,noma,0.306285,0.25458688
ulimi,unxusiwe,0.313012,0.52173686
ongamisa,zomphakathi,0.367103,0.26357484
ulwandle,imithi,0.439817,0.6674584
ikati,izinja,0.609084,0.75938714
ngenxa,ukubaluleka,0.36628,0.16563067
ingoma,umculo,0.404287,0.28858972
okwengeza,omkhulu,0.312428,0.10413451
yesayensi,kwakhe,0.161094,0.33154592
onamandla,ubuhlebezwe,0.389025,0.4605958
isikole,ulwazi,0.399734,0.25209758
wamazwe,wokubhukuda,0.52884,0.91415834
ilokishi,ikhaya,0.247079,0.23061484
ukudla,isinkwa,0.304446,0.36099836
imeya,icala,0.590049,0.77827036
abazimisele,ngezinto,0.252148,0.2083665
incwadi,ukufunda,0.32747,0.355044
ukubala,ukwamukela,0.408219,0.67599195
ucula,uzosebenzisana,0.380402,0.6022528
iyisibani,yokusebenza,0.293638,0.23656973
amakhulu,ukuhlangana,0.336853,0.15610424
basebenzisana,lesihlanu,0.337438,0.34725204
othisha,umndeni,0.431311,0.54394203
ngokuzinikela,uphiwayinkosi,0.252208,0.09637792
isikole,umfundi,0.444423,0.37672034
ukufunda,ukudluliselwa,0.261368,0.40087104
ejele,isikhumba,0.450308,0.5787039
sezinsuku,kulokho,0.093841,0.25750634
umdlalo,imidlalo,0.503052,0.6387807
bengamfaki,ngalokho.,0.251263,0.70719516
iyasiza.,idlula,0.664162,0.44073552
baye,kokuphothula,0.313146,0.43919107
jikelele.,kwezilwane,0.455748,0.6085769
umfundisi,unomfundo,0.498887,0.487548
iyanda,ibhande,0.235228,0.25147876
namuhla,ojabulayo,0.487493,0.17607154
labo,neizingubo,0.23329,0.2365984
enkonzweni,izisebenzi,0.337273,0.13813639
ngesineke,omuhle,0.278943,0.13342902
baphinde,ukuthuthuka.,0.304979,0.35792956
iqonde,ilokishi,0.398396,0.45789927
izinto,izibuko,0.263264,0.1152859
izintaba,imithi,0.29049,0.37185898
umhlengikazi,impilo,0.321755,0.19899774
nazo,zokhonzani,0.400691,0.58279604
umfana,abantu,0.311231,0.17614593
ekuthuthukeni,yomsebenzi,0.448199,0.26844317
ukuwenza,ukulandelela,0.537912,0.6802816
wokwenza,baleli,0.134488,0.0918562
kwesistimu,ziyakhuluma,0.100334,0.35987484
baziwa,ukufana,0.342027,0.26204216
izethulo,izikhala,0.285386,0.37414923
abahambi,abangamakhulu,0.396031,0.28187004
ikhefu,iyawa,0.496225,0.5377385
isitimela,ukuhamba,0.420318,0.6696529
babona,zedolobha,0.225821,0.24744084
uqhele,usezimele,0.577225,0.76539457
unyaka,uyahamba,0.363675,0.4186577
ebuzwa,kanjani,0.369537,0.32737085
umndeni,ukuhamba,0.189482,0.19317378
lishisa,ngokuzinikela,0.206203,0.112136856
kanti,ngezindaba,0.335995,0.053452507
ezenziwayo,kunezinselelo,0.363696,0.1756451
ukubhala,ulwazi,0.344109,0.170676
esikhishwe,ngakho,0.221625,0.34291282
ubisi,inyama,0.468945,0.40950152
kuletha,umphakathi,0.240732,0.104641095
abaphenduli,abahlangabezana,0.368854,-0.06914353
abafundisi,ngamandla,0.252342,0.013850235
sabo,ukwenza,0.238688,0.18064836
egauteng,konke,0.390176,0.31604668
emingceleni,odokotela,0.26956,0.3389032
umculo,amaculo,0.480374,0.3142493
izisebenzi,izimo,0.385188,0.3392878
isikhathi,okukhulu,0.283068,0.24338761
elwandle,intokozo,0.140759,0.4239076
indodana,zathanda,0.398478,0.55606186
ugogo,uyazi,0.330704,0.23699316
ngokwazi,umpheki,0.336382,0.45829788
abanakekeli,ngobuqotho,0.290289,0.18685201
uzoqhubeka,ubekhuluma,0.443638,0.73783606
wona,wokuhlunga,0.39446,0.4163115
ikhefu,nokuhlola,0.27557,0.73287326
inyoni,inhlamvu,0.286283,0.5425598
eyenza,emphakathini,0.168998,0.10041337
inkomo,inqubo,0.432118,0.62073725
obalulekile,wapheka,0.349028,0.43766856
umphefumulo,uyazi,0.327708,0.26878068
waphila,wazi,0.719388,0.9118192
ukungenelela,unkulunkulu,0.13027,0.5522065
indoda,umndeni,0.339776,0.33690417
uyakhuluma,wethu,0.301058,0.17472014
izizathu,izifiso,0.425182,0.49784452
entabeni,ongenakulinganiswa,0.409306,0.3422306
bahlela,ngemva,0.308048,0.35779595
qembu,lokuqothwa,0.335614,0.83904254
ikhaya,isikhungo,0.35709,0.36156178
kwenye,noulwazi,0.129302,0.29525313
ngobuhle,lokuziveza,0.164139,0.42654547
amasiko,zokuxhumana,0.234418,0.26797226
abakuleli,abangaphezulu,0.469593,0.7343485
imvelo,itheku,0.216157,0.52597725
abayinikwa,amandla,0.211996,0.18106568
umfundi,imfundo,0.290575,0.12236305
babo,uholela,0.272662,0.16439413
zakhe,zokuphumelela,0.423051,0.3902247
iphesheya.”,ikhiqiza,0.322054,0.62602335
ukufunda,impumelelo,0.318553,0.23035078
iphutha,ipakiwe,0.443411,0.6562719
ihlathi,umfula,0.455552,0.42758173
inkosi,uhulumeni,0.403747,0.30434197
afrika,kumnika,0.423025,0.37918293
bayakhuluma,izingane,0.245445,0.048401725
ukuziqonda,ukubonga,0.319303,0.56865346
umculo,abasolwa,0.22663,0.27739105
nokuthanda,ukuzimisela,0.259965,0.19260214
uyalala,uthebe.,0.355353,0.35785168
ushaya,udoti,0.587838,0.61600417
ohamba,udadewethu,0.366025,0.3705192
imfundo,nabo,0.267644,0.22340001
bakudala,kanjani,0.366799,0.49875322
izindlu,izinhloli,0.318409,0.23758036
ukubhala,impumelelo,0.302536,0.20535201
sobunzima,zibe,0.254552,0.026857799
bathole,kunzima,0.309209,0.08595652
ukuqinisa,okwabulawa,0.138121,0.67535084
kokulimaza,wavuka,0.186348,0.20049453
izifundo,nezinto,0.257708,0.19676998
isiko,ubukhosi,0.347907,0.32097015
izinto,ukuphinda,0.3063,0.2610515
iphepha,imfundo,0.267112,0.038234618
i-ikhompyutha,usebenzisa,0.43531,0.72882974
baqonda,izimfundo,0.198697,0.03407862
amanzi.,ukuze,0.263638,0.09212671
emicimbini,emikhulu.,0.316764,0.7138397
kodwa,ulwandle,0.360595,0.25663254
bazizwa,ekusebenzeni,0.217107,0.26558757
ngolwazi,kwangabe,0.185919,0.29592022
egauteng,esifanele,0.497416,0.43270907
noma,ukupha,0.287992,0.24889149
baqinisa,konyaka,0.331053,0.38113537
nokukhuliswa,webhasikidi,0.207067,0.38486183
lokuqala,yethu,0.323692,0.22370356
uma,uradebe,0.228799,0.2826072
izifundo,uhlele,0.234964,0.23301461
egauteng,uyazwa,0.478351,0.52032834
kwabantu,uma,0.21706,0.22279283
amasiko,amasha.”,0.282857,0.116369896
ukuhlola,ukungenami,0.413316,0.78060794
okweyamene,ongogos,0.198603,0.22359271
umhlengikazi,ubuntu,0.274854,0.32603604
isikole,imfundo,0.303363,0.15017715
bafundisa,kweviki,0.362274,0.31350082
izinkomo,imithi,0.250122,0.5930872
ihlosi,izimvu,0.439675,0.71111107
ingoma,ikhwaya,0.484835,0.47178173
ukuqoqa,ukuziqonda,0.385493,0.5675167
ubufakazi,ujaji,0.536732,0.72887564
unkk,uradebe,0.63232,0.54454774
iwumphumela,ifa,0.339949,0.3167127
khona,okwenza,0.282921,0.20411104
uzodla,uhlola,0.459758,0.5400072
ingane,okukhulu,0.245402,0.119392276
esiningi,uyazi,0.285288,0.34634748
imvelo,imithi,0.456949,0.70445675
ukuhlela,ukhale,0.292232,0.47910053
isikhathi,uthuthuke,0.207214,0.16997127
ngobuqhawe,ngomsebenzi,0.29558,0.23579702
balungisa,bakhe,0.149286,0.3174356
bazithole,nezibonakalayo,0.202356,0.46567255
inja,izimvu,0.447874,0.6415541
umuntu,ukudlala,0.131341,-0.035324655
isimo,isazi,0.44603,0.43799517
kuveza,nezimpilo,0.516476,0.37463003
esikhulu,umbongiseni,0.272445,0.12922044
iyisisekelo,iphesheya.”,0.33557,0.12450829
bayikusasa,ezibalulekile,0.238573,0.1903249
emizini,ngokukhuthala,0.33237,0.22452554
ukuthi,urodgers,0.166978,0.1899239
izindlu,ngemuva,0.305003,0.2055094
buchwepheshe,eqenjini,0.369128,0.76441514
emfuleni,izimbali,0.377166,0.35560772
ezindaweni,nokuba,0.198571,0.32123667
ucingo,umsakazo,0.540684,0.72968274
ukuthola,ukuqikelela,0.21507,0.32974958
bazijabulisa,idangele,0.216111,0.45024148
abadingayo,zezikhali,0.297384,0.12935975
emandleni,waphendula,0.310613,0.28925496
abadingayo.,ababili,0.296029,0.15008725
eduze,noulwazi,0.356184,0.4410892
babantu,uhlale,0.295858,0.10436471
udale,usehoxa,0.619393,0.858933
inkosi,umbuso,0.549889,0.54611737
kwezinto.,kule,0.133909,0.10700437
uyahlonipha,udonsa,0.302644,0.49090824
unozibusele,ufunde,0.367475,0.36631638
ngesibindi,ziyakhuluma,0.400884,0.5932939
elikhulu,esikhulu,0.251753,0.25014094
benze,kwesinye,0.266515,0.24344994
nombono,umengameli,0.202254,0.3925816
besizwa,buqinile,0.262947,0.28437
ukonga,imithi,0.369919,0.45038918
kuphi,ngamagalelo,0.349483,0.3867514
ibhola,umdlalo,0.398552,0.20571119
ukuqhubeka,ukwabelana,0.298069,0.1012255
inyoni,ihlosi,0.573431,0.6092151
abasweleyo,omkhulu,0.261125,0.1154582
amasiko,okudingekayo,0.290445,0.19868463
abantu,isidingo,0.228225,0.12864204
inja,izilwane,0.35704,0.33919057
inzalo,komnotho,0.682386,0.9415597
ngokufanele,nabantu,0.059421,0.15090467
okwengeza,uyaziqhenya,0.429911,0.3819129
ihamba,i-affinity,0.387438,0.6225479
nokuhlekisana,ezilingene,0.166179,0.4118444
emakhaya,izintombi,0.334728,0.19629383
ukufeza,ukungena,0.333607,0.4021085
bayalala,esidingeka,0.390921,0.29062968
ezifundiswa,neamaphupho,0.352691,0.28050208
ulwazi,udle,0.290992,0.10185467
konke,kuwena,0.320734,0.37012985
imifula,imvelo,0.435134,0.61592567
amasiko,ubuntu,0.413323,0.1126578
ngo-2019.,wabulawa,0.577828,0.9287698
isibhamu,ubuntu,0.117852,0.19771399
nokuhlalisana,zokuthuthukisa,0.481198,0.5353398
bayaqhubeka,nokufundisa,0.381839,0.31013405
indalo,labo,0.303418,0.24843574
buqinile.,kothando,0.290904,0.5969623
utshani,ungakwenza,0.322503,0.6006202
emalokishini,uyahlanza,0.357395,0.37374598
umrepha,umculi,0.621656,0.62392104
ezilingene,ngakho-ke,0.279892,0.15476947
esikhethekile,indlu,0.283042,0.15067527
ukufinyelela,ukukhombisa,0.359771,0.42892322
ngabomashi,kwempilo,0.206245,0.30185744
izindawo,izimpilo,0.289817,0.2568991
umfundi,ulwazi,0.344077,0.08727478
uthisha,ukubhala,0.331518,0.17897975
induna,ongenakulinganiswa,0.4991,0.46521088
okumnandi,uyakabisa,0.428861,0.37961382
bekahle,bethola,0.264174,0.096920945
izinto,zikahulumeni,0.307437,0.10501819
izolo,konke.,0.317415,0.34935668
emakethe,noukudla,0.225542,0.35008335
sihlale,zezikole,0.307179,0.22406273
elikhethekile,kwemisebenzi,0.373933,0.34791884
izicelo,iziphazamiso,0.473608,0.7322236
abasolwa,icala,0.607593,0.84120256
ungene,u-2019.,0.499657,0.7874905
emasimini,uyakhumbula,0.314615,0.17020616
ifuna,impumelelo,0.363452,0.39404824
umfazi,inyoni,0.308413,0.44326472
edolobheni,uyacula,0.49189,0.29516658
isikole,inyuvesi,0.522759,0.55804056
amanzi,imifula,0.436091,0.40778974
enhlangothini.,omkhulu,0.257724,0.16200696
kolwandle,ejele,0.292606,0.3075617
nezinto,ngendlela,0.349764,0.30397362
kulokhu,nongeke,0.513082,0.86876893
ingqondo,inkukhu,0.348199,0.64785933
ukunakekelwa,ukuhlakanipha,0.356362,0.30152178
ngalokhu,yabantwana,0.134206,0.52023107
isikole,idolobha,0.247566,0.42473432
indima,yethu,0.265301,0.16700299
abawenzayo,abahambi,0.329427,0.26483175
ngenxa,owenziwayo,0.233289,0.29884994
eyishumi,okhutheleyo,0.392621,0.3955419
nemali,yakhe,0.291476,0.35849
ubunhloli,ugrade,0.393186,0.598133
sinqumo,nodkt,0.457899,0.83921194
impilo,kwabanye,0.192274,0.10798928
lwabo,esithangamini,0.15921,0.2765832
isitimela,idolobha,0.20104,0.43124488
umfula,izintaba,0.413057,0.41179225
izitolo,nezimpahla,0.402067,0.6887248
afrika,ezahlukene,0.31816,0.33521396
abasolwa,isibhamu,0.617883,0.74401826
umgqugquzeli,wasiza,0.584643,0.39991337
inyuvesi,ngoba,0.204703,0.23715037
imoto,indiza,0.497732,0.45342532
amafu,njengedatha,0.251649,0.54520506
bazohleka,yize,0.275385,0.1435888
inyuvesi,ukufunda,0.345338,0.3480261
bathola,zemidlalo,0.231668,0.24785341
ubungani,udlubu,0.39081,0.57912445
unomcebo,uthando,0.248246,0.18656996
entabeni,uyaphendula,0.416409,0.36298287
enhle,oluningi,0.257227,0.10605818
indima,ngoba,0.297578,0.0058541135
isibhamu,inhlamvu,0.665909,0.8085753
ngiyathanda,unazo,0.156843,0.24293868
amasiko,izicathulo,0.336415,0.22118731
ngokuphakama,ezenziwayo.,0.117509,0.10505431
umfundi,amaculo,0.270181,0.26030394
usiza,uxaba.,0.394993,0.7325836
njengoba,sikhula,0.298351,0.42616862
impumelelo,uhulumeni,0.176818,0.28398734
ekupheleni,izintsha,0.349313,0.4032807
kokuphazamiseka.,aphiwe,0.338098,0.60839003
emzileni,kanye,0.134576,0.13511385
uheha,ulungiselela,0.302862,0.6043345
enhliziyweni,sokwenza,0.380871,0.24233109
okukhulu.,yabo,0.281154,0.2240835
inkosi,isizwe,0.276637,0.22326192
eziphakeme,ziqapha.,0.520343,0.6465232
edolobheni,ohle,0.280802,0.39292994
bahlonipha,ukuthi,0.262389,0.1964529
unozibusele,uvele,0.300676,0.3401636
amazwi,nolwandle,0.359483,0.22430633
ukudla,ubisi,0.279186,0.17368402
umculi,ucingo,0.327216,0.7281839
nezinto,yothando,0.323224,0.22809495
masobho,bazofundisa,0.114254,0.23897028
enkulu,zikahulumeni,0.439957,0.09520164
ubabonga,uyathengisa,0.340567,0.13496375
izinhlelo,izakhamuzi,0.388874,0.27443105
iphutha,irobhothi,0.421266,0.54464674
ekuthuthukeni.,isisekelo,0.07859,0.23006855
umfundi,umncube,0.293964,0.2093061
imfundo,yokulandela,0.269537,0.18135536
abaphathi,ntambama,0.31885,0.29147226
ugeleza,uzophawula,0.371849,0.60059434
bayahlela,emvelweni,0.327572,0.12169002
yena,olusha,0.125551,0.13522151
inyoni,izimvu,0.545812,0.378006
ukudlala,ukwelashwa,0.324761,0.47272956
kuyasizana,wadla,0.314002,0.18834363
ubhala,ubungani,0.371257,0.6159585
emihlanu,izinto,0.23201,0.1994909
besizwe,kwezinyanga,0.307492,0.32294926
imeya,uhulumeni,0.402521,0.45439452
ngentshiseko,njengabanye,0.246898,0.16935714
umndenni,lizayo,0.218303,0.3245812
ufundisa,ulethela,0.280219,0.46970928
amafutha,siyazi,0.237455,0.60739475
okhulumayo,uzophila,0.460043,0.6320311
njalo,ukwenza,0.239865,-0.0017098645
umculo,umrepha,0.465146,0.40777156
ukupha,ukuzilungiselela,0.365718,0.294223
salo,ukusiza,0.164694,0.29489952
ulaura,usehoxa,0.671128,0.8967229
ithuluzi,idonse,0.40946,0.38279718
umasipala,icala,0.494858,0.30252752
ikhaya,indlu,0.45831,0.54005986
ikhona,itulo,0.309169,0.28132525
wathanda,ezidlala,0.162584,0.2617773
inhlamvu,inkantolo,0.457009,0.6315082
ngaphandle,olukhulu,0.307398,0.1845174
usho,ubuthongo,0.445242,0.62309074
inja,izinkomo,0.425668,0.69239676
nokuqonda,kungase,0.311399,0.5049905
uthisha,uyahamba,0.363014,0.20747428
uqwale,ungaya,0.566402,0.6174287
uyaphila,uyavuka,0.759843,0.7916139
uzovuka,ulishebe,0.420694,0.38170722
ezifundile,yingakho,0.272314,0.19346225
abakhulumi,kuyaziwa,0.340588,0.25694707
osezinze,nokusebenzisana.,0.181772,0.34449813
amakhulu,uhlelo,0.220358,0.05816072
unomvula,uyacabanga,0.601726,0.4064832
idurban,ilungelo,0.339112,0.43523312
eliphezulu,inyama,0.239027,0.12163968
emnandi,umndenni,0.339619,0.19384567
ubuntu,ubukhosi,0.43328,0.47627917
isiko,ibhola,0.549662,0.32124582
ngenyanga,unkosi,0.40638,0.2883093
idlula,ilamontville,0.486767,0.7018159
abashayeli,inhlonipho,0.239335,0.14185885
bakhombisa,izinto,0.30852,0.21250713
abakhiqizi,nomphakathi,0.291576,0.1878078
ndawonye,ube,0.311341,0.25336123
icala,inkantolo,0.674821,0.77457607
uthando,uvumele,0.243584,0.20825219
izinso,zikwazi,0.438414,0.70156455
ehlukene,nokubhala.,0.407988,0.70431376
bazimisela,emakhaya,0.287526,0.08809949
umbuso,icala,0.462743,0.28695047
ngezinto,yomdabu,0.195829,0.1358689
esikhulu,yokufuna,0.173658,0.20696642
emsebenzini,nanti,0.336583,0.16074358
ohlelweni,ukuze,0.28002,0.042033087
banezidingo,ukuqaphela,0.322531,0.40496138
zabo.,ogijima,0.172761,0.35234508
uvame,uzokhomba,0.445399,0.653567
ngolwesibili,wegoli,0.63462,0.9063193
ale,nkampani,0.545421,0.857472
-,business,0.509707,0.81423724
isiza,ukuthuthukiswa,0.478052,0.77467537
olwanele,wabo,0.252358,0.23577568
izindaba,odokotela,0.333793,0.09115794
bayaziwa,lwekhaya,0.346219,0.24882676
iqukethe,irobhothi,0.511295,0.5585061
iphakama,ikhiqiza,0.321647,0.17192146
inyuvesi,umhlengikazi,0.370552,0.6118786
ihlathi,imithi,0.339974,0.56559515
umasipala,umbuso,0.510704,0.4766147
umndeni,uphiwayinkosi,0.40732,0.49048615
ulwandle,ubuso,0.431848,0.6965982
ehlathini,neulwazi,0.28043,0.39367825
izinja,umasipala,0.241666,0.31131375
imoto,impilo.,0.23126,0.28351918
ohlala,ophulukisa,0.635571,0.8451593
utshani,uziphatha,0.23573,0.23131552
umfana,isiko,0.170365,0.16901784
obukhethekile,uyahlanza,0.446052,0.38527694
esigodini,zakhe,0.264602,0.09191169
inkosi,imeya,0.280965,0.29090694
izinkulisa,omkhulu,0.277792,0.18916981
yawo.,igcina,0.318214,0.71692854
abathanda,nomphakathi,0.271532,0.09647834
ehhovisi,emalini,0.343285,0.23256274
babuya,emini,0.379999,0.2579501
izindlalifa,lesihlanu,0.3961,0.41685313
bakhombisa,nezinto,0.433514,0.49693644
olubizwa,bahlanganyela,0.266109,0.56935203
kuhle,uzokwakha,0.184677,0.26995543
izeluleko,izobasiza,0.517171,0.5458038
labantu,unomsa,0.266515,0.2403568
abaningi,ulwazi,0.256995,0.12151614
bahlale,nabo,0.305617,0.16889766
bayilandela,sihlale,0.69158,0.5389077
ukuba,ukuletha,0.294216,0.082678944
uyajabula.,ubuhlungu,0.308122,0.28606248
lelo,ubuhle,0.313518,0.13328993
inyuvesi,impumelelo,0.336781,0.24988063
uyazinikela,kuqinisekiswe,0.148342,0.16874264
emsebenzini,wokwenza,0.229591,0.07188894
uyaphuza,wesilisa,0.422221,0.44025558
avikele,bafundisa,0.199744,0.24954097
elikhethekile,kuqala,0.394609,0.24964853
ijabule,ibig,0.275202,0.2718033
bazofunda,kweviki,0.364593,0.2778352
abantu,isithelo,0.257791,0.17954484
basebenza,wasekhaya,0.20973,0.08441373
eshilo,uyabonga,0.346932,0.31994122
okwesibhakabhaka,abasolwa,0.304002,0.6909353
abanye,ukwethembana,0.220689,0.13587072
bonke,walala,0.290944,0.1204796
kwesikhathi,wahamba,0.319995,0.048671275
abantu.,uyasebenza,0.309584,0.34364635
unksz,udumo,0.578947,0.74194646
ichiefs,yepremiership,0.724559,0.81557035
bezwa,okwanele,0.266846,0.11435561
lenkohlakalo,ngemiphumela,0.271959,0.76601535
ukusebenzela,ukhala,0.380922,0.22108634
ubaba,zokufunda,0.353715,0.12434002
ngothando,okwakha,0.297169,0.16609879
kwesikhathi,zemindeni,0.285125,0.35774776
konyaka,lethu,0.344726,0.31069383
ngasemkhambathini.,science,0.306487,0.54300916
umfundi,uthisha,0.628356,0.5796216
bazibandakanya,ephakeme,0.197515,0.15491554
noizimali,umphikeleli,0.434937,0.48019958
uzokwakha,uthabethe,0.408408,0.25036976
ineminyaka,intsha,0.427167,0.10120871
enhliziyweni,izolo,0.300874,0.2369734
ngalesi,ukwenze,0.406508,0.8281987
ilalela,ezifanele,0.126772,0.1759887
ezithile,yokusiza,0.319496,0.3307257
enkulu,ilanga,0.265719,0.18728228
kwenyanga,zikahulumeni,0.301294,0.13699026
neminye,ongayithokozela,0.562794,0.84779406
amasiko,amanzi.,0.253863,0.13802221
ukuphumelela,nabasebenzi,0.160409,0.16493537
bayabona,egcekeni,0.277857,0.22285406
inyama,inja,0.258508,0.30544528
amanzi,izintaba,0.388214,0.1335425
njalo,zifezwe,0.346563,0.0853173
ziphilile,ama-curtain,0.174442,0.27939
enkonzweni,ngomsombuluko.,0.199169,0.349585
kusebenza,ezibekiwe,0.096211,0.4304088
emphakathini,isebenza,0.320177,0.105749965
uthisha,ulwazi,0.350799,0.14241388
emicimbini,izimfundiso,0.296214,0.2513103
unomsa,uphephula,0.326244,0.14439014
ukuthi,zifezwe,0.210505,0.10439595
uyathanda,ungakwenza,0.306176,0.37461108
bonke,kepha,0.258678,0.08056302
bomdabu,elikhethekile,0.259797,0.5666149
onekhono,ukudla,0.301527,0.16986911
banikela,wamasiko,0.299457,0.22751671
ikhwaya,amaculo,0.443793,0.50138056
luyinsika,yempilo,0.753172,0.901134
bavotele,ziqonde,0.221719,0.5510692
kakhulu,wemvelo,0.127494,0.17983502
kuyasiza,ukuthi,0.120001,-0.003908605
abalondolozayo,abahlanu.,0.241315,0.45415547
phambi,usiyanda,0.446032,0.41954017
bezingane,emsebenzini,0.250086,0.10444038
kwamahlathi,(isisho,0.18138,0.16598734
isizwe,ngazo,0.217642,0.17389034
enkonzweni,uyajabula,0.408564,0.32502043
lokhu,zasendle,0.309543,0.16235702
lwabo,oluqotho,0.227643,0.288162
emizweni,ngabe,0.370265,0.3564027
baphendula,umama,0.287464,0.32210743
ungene,uzosebenzisana,0.344923,0.74661887
ihlosi,izilwane,0.364479,0.3249626
emoyeni,sobuntu,0.339596,0.32443368
emuva,nabantwana,0.272349,0.17907019
ukudla,amaphoyisa,0.114057,0.031986143
odokotela,zemvelo,0.247202,0.2557273
ngokubamba,lwabo,0.212868,0.17472981
inyuvesi,umfundi,0.538208,0.33197534
iwuhambo,ikusasa.,0.334094,0.6518549
umabonakude,umsakazo,0.551489,0.6323858
umfazi,ingoma,0.216133,0.2302275
nani,sikhona,0.444937,0.8242984
izingane,nobuzwe,0.264403,0.14566118
noindlu,umuntu,0.193502,0.17429061
imfundo,ubuzwe,0.325804,0.05498888
emakethe,uyajabula,0.437113,0.32852057
sezempilo,zabo,0.269162,0.029574577
ukufunda,ulwazi,0.438377,0.066586584
bomdabu,ebalulekile,0.291284,0.18274343
indawo,izikhathi,0.345226,0.033732086
izimpesheni,izivakashi,0.365198,0.37221244
amandla,lwabo,0.218863,0.2364099
enkulu.,wonke,0.264912,0.21421058
indoda,umuntu,0.392867,0.26665458
kahle,ukulala,0.236072,0.08180582
imoto,uyakhuluma,0.327313,0.41502163
amanxusa,kwemizamo,0.264507,0.49401864
indiza,ukonga,0.311931,0.7489917
baphila,bendawo,0.252021,0.14840446
emnandi,uyazazi,0.332875,0.1861689
ukonga,amaculo,0.280721,0.42100012
ufake,wathi,0.418128,0.74548346
amakhono,ngobukhalipha,0.198122,0.12275042
siyakwazi,kwabantu.,0.159466,0.09207379
cape,e-university,0.716833,0.86792344
ngamatshe,wethu,0.300991,0.18197618
icala,isibhamu,0.609396,0.81703544
ulwandle,imvelo,0.373106,0.608096
abakhiqizi,lesihlanu,0.306547,0.2254251
abantu,abathandi,0.335142,0.17647105
enyakatho,ngoma,0.281799,0.8837383
esikhulu,kwesihlahla,0.173721,0.28553516
nemigulukudu.,nala,0.412037,0.7288739
iyisisekelo,igodi,0.394537,0.3035287
uphonsa,uhambo,0.464753,0.62480617
amathuba,isikhulu,0.21009,0.35090193
abayinikwa,emihle,0.218611,0.26322213
ubonge,uzozitshela,0.47385,0.6296915
nsuku,okhuthele,0.249814,0.11174859
maduze,ubuhlebezwe,0.49857,0.53270596
izinkomo,itheku,0.300569,0.49166778
abalimi,usibonelo,0.481067,0.4048296
ngokucophelela,wonke,0.343215,0.16344614
udokotela,umdlalo,0.139796,0.1316349
bayigcina,esizweni,0.139746,0.16690893
izilwane,uyabheka,0.410022,0.46499777
kokunqena,uyalala,0.428604,0.2966277
isikole,impumelelo,0.41231,0.4705517
ilokishi,itheku,0.402514,0.55044645
ngenjabulo,okwengeza,0.397225,0.5052306
ikhompiyutha,umsakazo,0.404047,0.62556607
emgwaqweni,usiyanda,0.401374,0.19365287
imisebenzi,zemiphakathi,0.237504,0.22255097
ithemba,uzokhuluma,0.340647,0.20093106
ilokishi,isikhungo,0.317345,0.7518195
onke,okuqonda,0.189809,0.058775246
isizwe,yalokho,0.267609,0.1372085
nyaka,wanakekela,0.446072,0.18456265
bakhuluma,emakethe,0.262902,0.3288212
amaphoyisa,inkantolo,0.476845,0.73870146
ubaba,uyadla,0.297209,0.119877376
embonini,okuqinile,0.141057,0.39323646
lo,mikhakha,0.368723,0.6714738
bayikhulisa,zezemidlalo,0.230266,0.16727847
zibalulekile,bazaqhubeka,0.050151,0.10642676
bomqondo,ngezikhathi,0.309331,0.3063941
izilwane,uyageza,0.373787,0.3430861
eziqotho,ezifundeni,0.108428,0.21286668
ikusasa,obuhle,0.340987,0.20609045
ingoma,umrepha,0.563991,0.49402988
imali,inkampani,0.545944,0.46403718
iphupho,ngamalengiso.,0.341273,0.8004674
imoto,izimali,0.45397,0.39324695
amakhulu,zomphakathi,0.359468,0.35423836
okukhulu,uhlangothi,0.272228,0.10426878
kubekhona,nobuzwe,0.258954,0.20283794
izikhwama,nezinto,0.325222,0.3053428
itheku,ibhola,0.225894,0.2758626
basize,ngobuhlakani,0.356436,0.191088
bayabongana,izwe,0.317175,0.26112363
ukudla,ukuphuza,0.329439,0.21849
ngalezi,ingqalasizinda,0.361818,0.84441876
ukuthi,wabonga,0.27779,0.1002535
esifanele,uyaphuza,0.508093,0.34039813
nasemanyuvesi.,ezikhulise,0.211198,0.6348197
kwabo,ukuqhubeka,0.267374,0.10571167
uxhaso,yokuyofuna,0.623843,0.856849
umfula,umkhandlu,0.204172,0.29605782
bezempilo,emingceleni,0.335275,0.39941522
kwenyanga,uzosebenza,0.293292,0.20498914
babe,ngokucophelela,0.320766,0.17960474
ungaya,ubonakele,0.523818,0.7176002
entabeni.,kwalokho,0.351081,0.3152386
noimisebenzi,udokotela,0.268169,0.1604382
edinga,kanjani,0.337661,0.422522
ukwethembana,ukugeza,0.423346,0.25088522
esibhedlela,esikhulu,0.28659,0.14961362
ababuya,unomvula,0.383572,0.2664517
indodakazi,ukuthula,0.390904,0.48079062
nokuyinto,yamalungelo,0.200209,0.37540483
uyajabula.,udabuka,0.359262,0.42572945
ikhefu,liyindawo,0.288366,0.61737436
ubisi,itheku,0.416922,0.66865116
ikati,inyoni,0.505318,0.6225863
abakwenzayo.,abahlanu.,0.4501,0.31210905
legoli,sezulu,0.32245,0.3313809
semfundo,eminingi,0.235985,0.22229335
usipho,uyasebenza,0.522918,0.4784205
labesifazane,indaba,0.224555,0.7304282
kwakho,olukhulu,0.205605,0.21490547
izilwane,sifuna,0.3128,0.2898759
isipho,ngokwesiko,0.375644,0.391797
ukondla,ukuphrinta,0.353615,0.43100435
sisebenze,uyakhuthaza,0.13486,0.21379231
uthisha,impumelelo,0.374754,0.15989064
amaphupho,amacala,0.42746,0.25928456
emoyeni,omubi,0.337118,0.4223
baqhubeka,yokwamukela,0.147194,0.2479654
eziyizinselelo,kubonakala,0.31596,0.6239288
enhliziyweni,kuwo,0.322395,0.23658179
ulwandle,imifula,0.432405,0.59737253
kokubambisana,ekhuluma,0.281547,0.5874146
uzofike,unosipho.,0.384777,0.73143524
kwalokho,yezinto,0.330647,0.1517749
eminingi,obuhle,0.263384,0.18369834
ukhule,yalokho,0.202628,0.16346738
inja,ihlosi,0.645906,0.8253031
emndenini,unandi,0.274465,0.15753447
abafundisi,isibindi,0.246034,0.15561093
ekhaya,wethu,0.278279,0.09130317
umfazi,abantu,0.302955,0.20585434
ngamasiko,zibone,0.305479,0.39567196
isibhedlela,iselula,0.445525,0.6146842
udokotela,impilo,0.281067,0.14215888
babusisa,yabantu,0.210639,0.25147837
ezolimo,futhi,0.160985,0.21372488
esifundazweni,ngakho,0.220279,0.2548306
bangene,bemiphakathi,0.193217,0.2500373
uyakhuluma,unasty,0.244887,0.21069953
icala,inhlamvu,0.462152,0.7138224
esiphakeme,umlimi,0.354615,0.23632063
udlondlobale,ziqedele,0.328589,0.6650844
abangane,bayizwa,0.297044,0.32166535
akhanya,selidluliselwa,0.332601,0.7815128
ka-group,baphonseleke,0.378218,0.607136
inyama,ukuphuza,0.409408,0.36040708
ambalwa,umndeni,0.287426,0.1788697
udinga,unqamule,0.320909,0.5855858
ekapa,ngesikhathi,0.236929,0.043512713
bekhululekile,ikhona,0.260765,0.15049344
ukudlala,ngezinhlelo,0.218418,0.5064795
nokuhlala,ziyakhuluma,0.151021,0.1753898
edlule,nomphakathi,0.289956,0.31815454
uyabhala,uyakabisa,0.539225,0.5369865
kwemfundo,lapho,0.217452,0.16009466
wegoli,sihlangana,0.222743,0.48956966
uhlangothi,uyajabula,0.298691,0.30080384
elwandle,uyacula,0.397169,0.37894166
ugcine,ucedric,0.519906,0.7738901
bazakhela,yethu,0.260008,0.18282628
ehlanganisa,ivikele,0.199615,0.6299438
bomculo,nezingxenye,0.307549,0.25281376
izingxabano,ikwazi,0.15068,0.7329918
bathe,luhlobene,0.299109,0.61452866
bonke,ibalulekile,0.257882,0.14266305
ezobulungiswa,wamaphoyisa,0.283687,0.7508497
futhi,ubuciko,0.252151,0.06580933
edolobheni,ngesikhathi,0.216973,0.038167067
ahlanzekile,noimisebenzi,0.348433,0.28310692
empangeni,waphuza,0.474111,0.42799544
enkantolo,isikhathi,0.320398,0.13438489
bazimisela,futhi,0.262186,0.16909985
ngokubamba,zamazwe,0.416626,0.7684808
emcimbini,wabo,0.237406,0.11236251
town,sikhathi.,0.196982,0.8762749
umfula,imithi,0.380427,0.4976059
emsebenzini,udadewethu,0.185864,0.054911345
emakhaya,ngokukhuthala,0.298004,0.16457726
kakhulu.,uyaphila,0.33745,0.199141
usambane,ugcine,0.538549,0.53310066
ucolonel,usheleni,0.528726,0.81841516
kwabo,wendawo,0.310617,0.21108344
uyaziwa,uphiko,0.419233,0.41064852
iziphathimandla,kwesikhathi,0.271533,0.24578814
unemveliso,ulieutenant,0.484054,0.5900606
ekuphatheni,njalo,0.225594,0.006932463
elihle,onke,0.242577,0.15716515
bakhombisa,izihlobo,0.265072,0.22794417
kugcwele,mkhakha,0.342514,0.76588094
inja,ikati,0.716051,0.8712128
amandla,ndawonye,0.286885,0.22706681
isitimela,ukudlala,0.160865,0.5652444
ukuphumelela,usipho,0.384191,0.35459056
esibhedlela,igodi,0.381647,0.3313717
umbiko,umqondo,0.520918,0.74668473
wokwenza,zobuchwepheshe,0.283234,0.29649824
womndeni.,ngezingubo,0.191945,0.78009254
izinsuku,izimoto.,0.320207,0.6272777
nokuqondiswa,sobuntu,0.290017,0.3248064
inyoni,izinja,0.404454,0.6242712
bezijabulisa,emahlathini,0.431769,0.6004136
abathanda,balondoloza,0.210714,0.17010894
umfowethu,uthisha,0.634324,0.5997682
indiza,isitimela,0.515991,0.75566936
endlini,uphiwayinkosi,0.350666,0.18538608
ukuhamba,ukufakaza,0.366067,0.41424125
endlini,namagugu,0.345153,0.2539721
amadoda,uzobonga,0.274555,0.23232259
behlangene,uzinhle,0.29911,0.17372411
abantwana,amanzi,0.253211,0.22496729
ezihlukene,ukulungisa,0.388833,0.7302762
enkonzweni,okukhulu.,0.298701,0.2773709
abaholi,esanele,0.264962,0.07116042
zemvelo,zezenhlalo,0.334444,0.5491738
abakhiqizi,bazakhela,0.287218,0.30581746
uzothanda,usikhulisele,0.29515,0.498126
ezimbalwa,zezwe,0.338643,0.2631501
ujeqe,usebenza,0.325202,0.2608971
bexoxa,ngomusa,0.402091,0.14570463
elimnandi,umndeni,0.360131,0.08930583
emgungundlovu,uyacula,0.396993,0.38798603
izinqgondo,izikhwama,0.35808,0.28784007
obubandayo,uyaphumelela.,0.126326,0.1986014
amasiko,isiko,0.373795,0.15831016
ingane,umuntu,0.421953,0.12427108
eshilo,uphiwayinkosi,0.397319,0.4666463
abantu,yempilo,0.249108,0.04749658
sizini,ukungena,0.452675,0.8576903
imoto,itekisi,0.430075,0.25659183
kwalokho,wasiza,0.453116,0.2851264
kugcwele,udadewethu,0.158926,0.13124435
inja,isiko,0.332869,0.53355
emgungundlovu,izilwane,0.404093,0.49237707
abalimi,ngenhloso,0.23202,0.23692587
nongeke,noukudla,0.21841,0.24091491
abasweleyo,bayazi,0.218622,-0.0014551645
abafundi,ngamasu,0.284818,0.45770946
itheku,ikhaya,0.226026,0.12966567
sakhe,imigomo,0.190081,0.05274088
uwuqholo,unosipho.,0.289889,0.43412885
isinkwa,inyama,0.465313,0.4330315
enhliziyweni,uyazithoba,0.382983,0.26924428
ucingo,umabonakude,0.544704,0.6913022
inkosi,umsebenzi,0.303028,0.2843058
bayiqonda,leli,0.278548,-0.004359653
ngokubekezela,uyaphendula,0.344,0.3285984
sobunzima,yesikole,0.326825,0.10832525
abanakekeli,sezinsuku,0.353261,0.30002165
kokunye,kuye,0.412666,0.7912094
itekisi,ukuhamba,0.350888,0.60873705
ukwandisa,amaphuzu,0.221727,0.572659
kakhulu,ukuthuthuka.,0.270536,0.15877011
iyabona,i-video,0.330469,0.42442593
iyabona,i-affinity,0.296896,0.16946974
uyaziqhenya,ushaya,0.327438,0.2271069
bavamise,ekuseni,0.212241,0.1744028
bathanda,izimfundiso,0.352476,0.34533766
ukuphilisana,ukubonakala,0.321465,0.4221202
bexoxa,ngezinhlelo,0.391248,0.5354484
uyalanda,ushiye,0.32462,0.37558052
unika,uwumcimbi,0.352211,0.45834914
imeya,isizwe,0.306312,0.03402313
ukuzenzela,kumele,0.065921,0.13914162
zokuphumelela,eyenza,0.10728,0.3798295
umndeni,abantu,0.398644,0.15186167
yabo,zinzima,0.308859,0.15102912
ukungcola,ukhale,0.503488,0.82214427
imidlalo,ukudlala,0.469441,0.74865633
unomfundo,uzophila,0.348387,0.28440544
omkhulu,ukhule,0.252332,0.13021097
iphesheya,ifuture,0.416259,0.504204
endleleni,isikole,0.402411,0.46687543
ephila,ngendlela,0.3539,0.19581793
asekubumbananeni,izingubo,0.363754,0.14981501
elikhulu,ingane,0.263655,0.29310167
ngenyanga,wajabula,0.430696,0.33524713
umculi,ubuntu,0.154699,0.21896958
unozipho,uyezwa,0.423021,0.33125687
ubuhlebezwe,uyakhumbula,0.593218,0.52613527
eziningi,zifundiswa,0.232324,0.3896567
bayaziwa,yomdabu,0.276473,0.38774464
ukubekezela,enhlangothini.,0.228657,0.15856266
inja,ngokushortage,0.177641,0.3092322
amaphoyisa,isibhamu,0.580842,0.84169084
izitsha,omnci,0.519368,0.5794279
izinhloso,kahle,0.30588,0.25142267
nendawo,umnotho,0.228994,0.27622005
kuyacaca,ubongani,0.429679,0.41608718
iphepha,isiko,0.19206,0.61211216
uyazama,uqikelele,0.255456,0.51545066
izinto,sasekhaya,0.182075,0.07649918
athuthuke,sithuthuke,0.275638,0.27865425
abazenzayo,mbatha,0.182387,0.29308304
idolobha,itheku,0.364266,0.43264264
ithi,ilanga,0.271848,0.16740406
abaphezulu,abafike,0.332224,0.41740856
amasiko,ngesibindi,0.319582,0.1400613
izilwane,izinja,0.391061,0.3294433
ezinhle,wasemasimini,0.163894,-0.0817624
omdala,ukuze,0.337997,0.2740011
empumalanga,umngane,0.371372,0.17587526
imiphongolo,elibalulekile,0.27074,0.29575583
abazenzile,ezinhle,0.328955,-0.031146336
uyajabula,uthole,0.327466,0.23798437
ikati,izinkomo,0.39547,0.7156669
enhle.,unomcebo,0.310005,0.33417666
kwabafundi,okujulile,0.447815,0.7306787
eziqotho,ubuhlobo,0.224176,0.26360732
omculo,wabo,0.29643,0.23610023
elihle,umasipala,0.358834,0.21364556
ukuxhumana,umsakazo,0.374502,0.62442887
ukulimala,ukubonga,0.317801,0.5883509
izingane,ulwazi,0.344797,0.24133168
uzame,uhlanganyela,0.326206,0.55956936
okukhulu,phakathi,0.29601,0.10583205
ihlathi,ulwandle,0.421062,0.6888936
iphepha,ukufunda,0.257276,0.39184085
kuveza,zosuku,0.415516,0.57482636
basimama,omakhelwane,0.286648,0.22738917
izintambo,izifundo,0.386541,0.33082855
ashayele,bhizinisi,0.338822,0.7954047
enhle,uyalanda,0.258861,0.13336104
inyuvesi,ukubhala,0.411546,0.3013787
ibaluleke,uyakhuthaza,0.313704,0.3665341
uthemba,uthando,0.319179,0.2894206
ulwazi,yomsebenzi,0.297246,0.1870057
uyajabula,uthandeka,0.513318,0.4124623
umfula,imifula,0.554375,0.6028426
ibhange,idolobha,0.356635,0.43728027
usihlalo,udabuka,0.525172,0.7028434
isikole,ukufunda,0.375478,0.3119003
idolobha,isikhungo,0.311829,0.36709332
ihlosi,izinkomo,0.483189,0.72304755
ukusekwa,ukulwa,0.444776,0.4824815
amathuba.,amanga,0.55738,0.7354012
elihle,ukubaluleka,0.332244,0.26389152
imifula,imithi,0.553297,0.65472484
ubisi,imifino,0.525244,0.7227294
izinja,ukuhamba,0.217828,0.49312523
ukufudumala,ukubonga,0.404195,0.49290776
ukudla,itekisi,0.131262,0.25500205
edamini,enkulu,0.259651,0.23030323
abantu,izithombe,0.156192,-0.023233464
umculo,umculi,0.63152,0.41435483
kumasizini,okwenzekayo,0.295334,0.41992646
sayo,sidinga,0.372117,0.7922142
banikela,sethu,0.246156,0.22069974
enkonzweni,ifunda,0.363897,0.39908943
eliqhakazile,esidingeka,0.156756,0.22075553
izwe,liyabazisa,0.381084,0.33579192
zikhiqizwa,likhanya,0.17225,0.023441505
amandla,ibona,0.272495,0.07579159
udokotela,isifo,0.269108,0.12170986
bathole,ngezinga,0.344361,0.114807256
iphesheya,i-quad,0.439586,0.42037278
eyishumi,ezikhuthele,0.313915,0.2030008
baphakamisa,bezindlu,0.293542,0.26146716
ngokushesha,ongamisa,0.374894,0.40250885
u-2030,uvula,0.548211,0.6711725
nzima,umndeni,0.291322,0.05820241
ibalulekile.,iligi,0.277002,0.3097549
esontweni,ikusasa,0.237982,0.10165787
usnenhlanhla,wabhala,0.585229,0.4754768
emishadweni,ngamaholidi,0.226887,0.3167002
ohlwini,okufanele,0.420081,0.7327948
sibona,uyesaba,0.412404,0.3667249
indoda,ingane,0.506831,0.30831143
amandla,isolezwe,0.187018,0.17765434
umgqigqo,umphako,0.457105,0.5818124
ilanga,noubukhosi,0.345543,0.09603063
bathuthuke,ngentshiseko,0.293799,0.08082421
babonga,esikhulu,0.281008,0.1722985
kokucabanga,uyathenga,0.413111,0.36680043
baqale,unyaka,0.280002,0.32352725
futhi,wokuthi,0.207595,0.15590836
ojulile,wafunda,0.330351,0.22747259
izinyathelo,yokukhathala,0.297242,0.2846696
maduze,wahleka,0.554856,0.52071375
amakhona,bayacabanga,0.121029,0.22256988
bezemidlalo,ngokukhuthala,0.310835,0.09121649
basenyuvesi,yenhlalakahle,0.344317,0.2266453
kube,kubhekwe,0.291995,0.12946334
ababusisekile,abashadayo,0.384118,0.23651893
umfundi,uhambo,0.172138,0.23674498
encane,konyaka,0.377815,0.33002082
bakhe,kanti,0.223746,0.059144758
neqembu,ukusebenza,0.122001,0.1341523
uveze,uye,0.347015,0.62428594
ehlathini,noikhaya,0.293296,0.44112852
emfuleni,kuyiqiniso,0.379658,0.33101803
aqale,waqhubeka,0.512219,0.87150085
ohlala,kuqinisekiswe,0.186122,0.41481018
ukubhala,ukufunda,0.458347,0.37907788
emalokishini,isikhulu,0.199089,0.2350013
basebenzisana,zezemidlalo,0.320837,0.10601932
uphephile,uyakhula.,0.268378,0.27592015
izinto,wakwazi,0.209097,0.15174203
afrika,yesintu,0.258918,0.25927743
unhlanhla,ubona,0.463249,0.36495152
bayafunda,obuhle,0.403534,0.3583739
amasiko,ubukhosi,0.30046,0.12161601
indlu,owesifazane,0.328724,0.5115473
ukholo,ukuhlonishwa,0.421173,0.30535522
ezobulungiswa,uhlelo,0.34697,0.4150027
imifino,isifo,0.305854,0.75113773
afrika,bayagijima,0.30745,0.1562815
idinga,kwezinhlelo,0.311595,0.5414794
isinkwa,imvelo,0.229391,0.22421353
emihlanu,imvelaphi,0.267732,0.33287805
ngezifiso,egcwele,0.190254,0.5355799
uhlale,unazo,0.377265,0.3297118
udokotela,zemicimbi,0.32994,0.35680503
impilo,kanzima,0.265687,-0.10293927
yalo,yesikhathi,0.101979,0.8373325
umndeni,impilo,0.243451,0.078211196
endaweni,ziyathanda,0.301009,0.22855683
ukuze,wayo.,0.172044,0.11459838
futhi,wokunikela,0.274958,-0.012082219
ukuguquka,uyapheka,0.409883,0.1896807
unokwanda,uthanda,0.365305,0.214017
esikhundleni,yadala,0.298971,0.82912385
umfundi,ukubhala,0.295112,0.14761166
azinikeze,ziyamthanda,0.489203,0.66703457
ujeqe,ulungelo,0.503684,0.5331938
esiteshini,lwekhaya,0.375714,0.36572027
izimvu,izinja,0.507948,0.66800344
bemibono,nathi,0.126063,0.14717685
ukwenziwa,ukwandisa,0.309825,0.424585
ngehora,ugogo,0.358277,0.3441898
abafundi,ukubala,0.236821,0.33530492
ku-n3,phuthume,0.636136,0.78381205
abangena,abathi,0.38354,0.7878631
bayakhuluma,ukuguqula,0.342597,0.47293302
ezinhlelweni,zokuvikela,0.521955,0.8927304
enquthu,izinto,0.288752,0.1189909
umrepha,indlu,0.254811,0.39647263
baqhubeka,okukhulu,0.28197,0.0726131
lelo,okusebenza,0.232567,0.23782197
abantu,ezifuywayo,0.255134,0.14421391
ikati,ihlosi,0.754807,0.90292776
iveni.,i'm,0.468377,0.92577285
iziphathimandla,izinso,0.425762,0.2031278
bomqondo.,enhlangothini,0.394518,0.43085152
amaphupho,wethu,0.353098,0.2962961
abawenzayo,befuna,0.327299,0.25248945
baphatha,hhayi,0.308409,0.23934926
ibhethri,izolo,0.166641,0.24613397
umfundi,incwadi,0.352329,0.19880265
amaphoyisa,inhlamvu,0.558809,0.66892534
kunesidingo,ngokufanele,0.359164,0.09899175
manje,zakho,0.332192,0.69569725
ibhange,inkampani,0.612764,0.7852508
ayo,kudlalwe,0.420235,0.6921806
izithelo,izitshalo,0.410853,0.53228205
abaswele,abangena,0.28767,0.34862363
umculo,unomusa,0.509477,0.54009193
aqale,evele,0.585955,0.8125713
emizamweni,ezithelwayo.,0.163814,0.39629084
ngokuzimisela,ukupha,0.404575,0.09034197
izilimi,izibhedlela,0.470602,0.544613
uyabekezela,ubunhloli,0.398997,0.3565402
imeya,umasipala,0.419928,0.41060847
ezinkingeni,idolo,0.404478,0.6030831
yesikole,uyeke,0.143452,0.25651342
ngenyanga,okwengeza,0.287073,0.31403956
mathematics),ngesteam,0.723718,0.95058674
impilo,yini,0.215746,0.10524814
abasebenzayo,ababhekene,0.349531,0.17067598
ngokuphelele,abehlangabezana,0.108002,0.31707385
uyavuka,ubudlelwane,0.264477,0.11943383
namagugu,zibone,0.369427,0.4200563
abagibeli.,abayitholile,0.398111,0.6434059
uyafundisa,baqeqeshi,0.147197,0.3026133
kwezwe.,nazo,0.412591,0.47650647
ngemva,unyaka,0.441985,0.19243608
bazibophezela,bezempilo,0.277756,0.27970684
bayithanda,ngenxa,0.319644,0.1878577
zigubha,omlekelele,0.187382,0.603193
umfundi,ukufunda,0.32846,0.19023934
ubalulekile,ujabulile,0.250039,0.11067904
uphephile,usbahle,0.270832,0.2993951
enquthu,sa,0.234866,0.28488335
kujabulisa,ukuze,0.211903,0.1533215
ikhaya,ngomfutho,0.218551,0.14869545
abanye,udadewethu,0.185471,-0.0073451875
emfuleni,ngendlela,0.185331,0.03970515
ukwedlula,umcimbi,0.429338,0.8262758
uhlabisa,uhlinzeka,0.516721,0.63840526
ithuba,iyona,0.381174,0.5165988
enquthu,okwamanje,0.574085,0.56537205
uyambonga.,uzitshele,0.375058,0.26437026
ihlathi,imvelo,0.322435,0.60044354
lapho,waphendula,0.238188,0.108538926
unxusiwe,unqume,0.658493,0.7531
kulezo,umdlali,0.23911,0.4391459
zazinzima,inkabi,0.206203,0.29712445
amanzi,imvelo,0.334287,0.13140063
izincwadi,izitshalo,0.299344,0.09031941
ubambene,ukuphila,0.300613,0.16867706
enkulu,sithe,0.146271,-0.009226325
umholi,izakhamizi,0.095642,0.20062143
ukuzimela.,ukukhiqizwa,0.353913,0.44453973
ojabulayo,waphendula,0.392879,0.4071305
ngalo,bathuthuke.,0.132946,0.11193518
baxoxe,liyathandwa,0.161226,0.276405
buhlale,ngobuhlakani,0.383974,0.15006611
kaningi,ukwenza,0.341375,0.43399358
ulwazi,impumelelo,0.237566,0.13045645
inyuvesi,iphepha,0.434628,0.26856688
umndeni,umuntu,0.391477,0.173133
izilwane,izimvu,0.419633,0.17769143
umrepha,amaculo,0.433969,0.4509026
amahlosi,siyathuthuka,0.103966,0.29666638
omakhelwane,waphendula,0.34796,0.17543074
amandla,zolwazi,0.228062,0.13695839
uyathenga,usenona,0.325889,0.33230856
bayinikela,bendawo,0.294864,0.33048457
udokotela,ukuze,0.311211,0.22246219
kwenyanga,zemicimbi,0.364348,0.1381967
unezinto,unomcebo,0.272716,0.055137556
ukuthola,ukukhiqizwa,0.319325,0.16033293
ebusika,wendawo,0.174135,0.17691107
emasimini,enkulu.,0.30555,-0.07397584
okwenziwe,omama,0.262485,0.207706
indiza,itekisi,0.463017,0.4637727
bezinto,ngoba,0.229001,0.12433979
nesithunzi,ngomoya,0.256004,0.18443866
indiza,ukuhamba,0.456382,0.41815254
empumalanga,izintombi,0.290859,0.33457527
kanye,okuhle.,0.219946,0.20410012
inkampani,isifo,0.343174,0.32793087
isidingo,ngobuqhawe,0.247362,0.112143666
ababusisekile,sezinsuku,0.411065,0.4656795
uzobuya,uzothola,0.714111,0.45967555
uhlela,ufeza,0.230665,0.413004
emsebenzini.,indlu,0.237978,0.34614465
usebenza,uzoqhubeka,0.331597,0.3054757
usizo,awupheli,0.159612,0.22137854
inhlonipho,ngasekupheleni,0.286476,0.28489745
imifino,ukuphuza,0.441723,0.7625291
sokuhlangana,zomphakathi,0.419094,0.3936362
ekhethekile,khona,0.297872,0.22035775
ophuphuma,umthokozisi,0.377108,0.11779429
nabanye,wakwethu,0.238435,0.12408019
ezintabeni,wesaba,0.359584,0.3210724
ngokuthula,ubhuti,0.332978,0.3641223
lihlale,njalo,0.255664,0.19293565
abancane,imfundo,0.29597,0.057080787
umndeni,itheku,0.123635,0.32796732
ukuhlinzeka,ukhuthaze,0.377201,0.67921346
kuqinisekiswe,i'm,0.392724,0.58162254
ubaba,uzobusebenzisa,0.328432,0.2531795
kumele,yakho,0.324298,0.4596537
eshilo,umthokozisi,0.411485,0.4437666
emsebenzini,yemfundo,0.238067,0.098784074
banikwe,ozayo,0.323877,0.43447626
bejabula,endlini,0.377043,0.2788451
ukubheka,ukukholelwa,0.397057,0.24301232
iphepha,ukubhala,0.544924,0.74091375
bayizwa,bendawo,0.304091,0.2826552
esiphakeme,uyakhala,0.373495,0.3547908
babuza,ukuphila,0.339387,0.21914193
ngendlela,yesikole,0.294658,0.17962994
amazwi,ebuya,0.343034,0.31274992
bafeza,umuntu,0.304,0.2369747
imali,ibhange,0.487093,0.49851865
lwethu,umqhudelwano,0.252234,0.7673482
uyakhula.,usizakale,0.258831,0.61430395
lapho,omuhle,0.342139,0.17337851
njalo,yethu,0.182835,0.11905315
ihlathi,amanzi,0.413225,0.2961515
isitimela,itekisi,0.508638,0.64485914
ehlobo,wasekhaya,0.307257,0.35602522
bazibophezela,enkulu,0.194637,0.06893222
ukuchuma,wabuka,0.155752,0.2904033
bokudla,kwemizuliswano,0.380348,0.36938617
kancane,uyacabanga,0.310721,0.24204555
eminingi,imfundo,0.250837,0.16412404
ibanika,igada,0.334829,0.686635
noikhaya,okukhulu,0.236985,0.14240278
bakhombisa,ngesivinini,0.082005,0.071924925
elithandekayo,ngokushesha,0.262902,0.20942274
umdlalo,ukudlala,0.376623,0.6101823
iminyaka,njengoba,0.344616,0.251392
wahamba,wakhathazeka,0.712811,0.836412
baqhubeka,zesizwe,0.303563,0.24290715
elwandle,uyazi,0.340495,0.2996036
esiteshini,ngakolunye,0.519213,0.46097377
ukonga,inkampani,0.504919,0.43082055
abagcini,imisebenzi,0.241506,0.17394687
futhi,iyajabulisa.,0.345936,0.38296887
ibhange,ufuna,0.366529,0.30753973
umfundi,zokubhala,0.23985,0.1648693
ukusho,ukubuyela,0.457449,0.7709946
umsakazi,ebalulekile,0.195618,0.26950228
izinyanga,ongakwazi,0.35735,0.7317329
uphiwayinkosi,ujaji,0.278188,0.42889097
emikhulu,wasekhaya,0.311782,0.24909262
endleleni,indlela,0.287481,0.27643955
ulindiwe,usheleni,0.39556,0.48140523
umfundi,impumelelo,0.341025,0.29193994
ubuzwe,uyakhuthaza,0.308546,0.07222624
eside,zobuchwepheshe,0.245426,0.19733338
elikhethekile,ngamalengiso,0.135534,0.14840548
umandla,umandla,0.461612,1.0
noma,wakhuthaza,0.367966,0.16087963
oluhle,uyakholelwa,0.324696,0.25524232
uthanda,uzandile,0.314028,0.2362187
imfundo,uzinhle,0.287846,0.12893872
bezinto,emsebenzini,0.197388,0.12877342
namaphoyisa,nangaphandle,0.158129,0.16812107
ithemba,umasipala,0.299033,0.26768747
inyoni,isifo,0.197906,0.671712
ikakhulu,lula,0.285079,0.7087533
befunda,ubuntu,0.294906,0.05102556
bayihlonipha,emasimini,0.305037,0.1848398
into,kakhulu,0.270246,0.14990033
amasiko,yokulandela,0.312155,0.03405228
baphila,wezempilo,0.217948,0.06692857
enew,ngokubona,0.162171,0.293391
yakhuluma,kudingekile,0.160355,-0.0015256554
labazali,umlungisi,0.40183,0.08766095
izimpilo,eshibhile,0.10164,0.3794734
entabeni,esikhethekile,0.281674,0.21598636
unezinto,uyakhulekela,0.344601,0.3287049
ngenyanga,uyakhala,0.340827,0.19645305
bakhe,yonke,0.211955,0.112209454
bethumela,zokuzindla,0.225642,0.6997351
indoda,umfana,0.647595,0.66990423
inyoni,izinkomo,0.562139,0.43930623
uyekelela,ugrade,0.337832,0.51690906
sizibona,abantulayo,0.302943,0.34250346
indiza,icala,0.232269,0.29074043
mchunu,ukusebenzela,0.164103,0.34503278
baphila,bezikhungo,0.241066,0.13159706
elikhethekile,noikhaya,0.309115,0.40171534
afrika,idolo,0.368833,0.40474528
ibhange,ukonga,0.450667,0.47187823
izincwadi,lokusebenzisa,0.373129,0.30176735
amnandi,bayahleka,0.412018,0.2848508
yalokho,zakuleli,0.223767,0.16254202
bayikhuthaza,izingane,0.381464,0.24792518
isikole,iphepha,0.326666,0.41229597
ubonakale,ulethela,0.456072,0.5755381
bomqondo,unokukhanya,0.416713,0.4788958
amaphuzu,liqulwe,0.38026,0.5988857
inyuvesi,ulwazi,0.333447,0.2633302
uyadla,uyakhuluma,0.686418,0.89970726
ngobuqotho.,ukuphila,0.271453,0.20975012
khona,of,0.264054,0.20943636
ikusasa,indlela,0.311769,0.19238143
lizwe,yothando,0.315627,-0.016178304
bomqondo,noma,0.287757,0.1816227
esifundiswa,namathuba,0.26802,0.18820363
ukuphinda.,ukuzethemba.,0.346441,0.3541959
ezikhungweni,inkosi,0.292095,0.055927426
ingane,umndeni,0.356049,0.49091363
amandla,bafuna,0.216562,0.2084445
isinkwa,imifino,0.477591,0.49322617
udinga,uzothini,0.350297,0.6766319
amathuba.,zinikeza,0.38298,0.4916195
